AUS,1966,1.268202639
AUS,1967,1.442807771
AUS,1968,1.2936398769
AUS,1969,1.2261927511
AUS,1970,1.1407538101
AUS,1971,1.3017751479
AUS,1972,1.9492954526
AUS,1973,1.3145150131
AUS,1974,1.8365374288
AUS,1975,3.0964480371
AUS,1976,3.092623692
AUS,1977,3.4528955284
AUS,1978,4.237714498
AUS,1979,3.8751107011
AUS,1980,3.8409170329
AUS,1981,3.7906396529
AUS,1982,4.9229301109
AUS,1983,7.184590934
AUS,1984,6.425583701
AUS,1985,5.9204093314
AUS,1986,5.8421297805
AUS,1987,5.9585200746
AUS,1988,5.2579385351
AUS,1989,4.5908694808
AUS,1990,5.0876578134
AUS,1991,7.3137502777
AUS,1992,8.2774365409
AUS,1993,8.6189304672
AUS,1994,7.6334977031
AUS,1995,6.6327153123
AUS,1996,6.6127333682
AUS,1997,6.5621050037
AUS,1998,6.099217729
AUS,1999,5.4564011484
AUS,2000,5.0431404342
AUS,2001,5.3042169713
AUS,2002,5.0380254531
AUS,2003,4.7134955125
AUS,2004,4.1389001407
AUS,2005,3.862154772
AUS,2006,3.6893211123
AUS,2007,3.3851878693
AUS,2008,3.3647767608
AUS,2009,4.5356880051
AUS,2010,4.041746221
AUS,2011,3.936682794
AUS,2012,4.0514943107
AUS,2013,4.5523052579
AUT,1994,3.2896111642
AUT,1995,3.392680751
AUT,1996,3.703226483
AUT,1997,3.8551368126
AUT,1998,3.9438012382
AUT,1999,3.403986694
AUT,2000,3.1140532359
AUT,2001,3.1450912422
AUT,2002,3.5222780255
AUT,2003,3.7549256461
AUT,2004,4.2192030756
AUT,2005,4.396490549
AUT,2006,4.1305245766
AUT,2007,3.842501476
AUT,2008,3.3106561746
AUT,2009,4.1880581225
AUT,2010,3.9668578007
AUT,2011,3.5892534745
AUT,2012,3.7855745002
AUT,2013,4.4489871428
BEL,1983,9.4920692174
BEL,1984,9.6646007594
BEL,1985,9.4717515803
BEL,1986,9.8026110961
BEL,1987,9.792537184
BEL,1988,9.1030492284
BEL,1989,7.4961996781
BEL,1990,6.4656149705
BEL,1991,6.2893554413
BEL,1992,6.0948876126
BEL,1993,7.0659559159
BEL,1994,8.4112677791
BEL,1995,8.2594708926
BEL,1996,8.5642143043
BEL,1997,7.8831548226
BEL,1998,8.3681865349
BEL,1999,7.3759407969
BEL,2000,5.8324273979
BEL,2001,5.3942304567
BEL,2002,6.599657386
BEL,2003,7.06500693
BEL,2004,7.3556451075
BEL,2005,7.390455209
BEL,2006,7.2439505157
BEL,2007,6.5912710163
BEL,2008,6.1007545759
BEL,2009,6.7758067448
BEL,2010,7.3121397809
BEL,2011,6.3733831748
BEL,2012,6.7424214269
BEL,2013,7.3738348752
BGR,2005,9.0397360479
BGR,2006,8.0259827662
BGR,2007,6.0661747619
BGR,2008,4.9078432535
BGR,2009,5.9901660014
BGR,2010,9.1699346284
BGR,2011,10.4998522881
BGR,2012,11.2502455056
BGR,2013,11.7970702044
BRA,2001,6.9361004772
BRA,2002,6.6378541187
BRA,2003,7.2190784991
BRA,2004,6.4284822823
BRA,2005,6.5697844675
BRA,2006,6.0515373904
BRA,2007,6.1123194992
BRA,2008,5.2391148145
BRA,2009,6.2733170427
BRA,2011,5.0129766947
BRA,2012,4.5027508287
BRA,2013,4.9804139784
CAN,1976,5.2865566406
CAN,1977,6.0326687558
CAN,1978,6.4342890409
CAN,1979,5.7829118828
CAN,1980,5.7594755953
CAN,1981,5.963524328
CAN,1982,8.9001696364
CAN,1983,9.9540695377
CAN,1984,9.7667009988
CAN,1985,9.2237337192
CAN,1986,8.3649806755
CAN,1987,7.7353397153
CAN,1988,6.9124568889
CAN,1989,6.8158780359
CAN,1990,7.3494308654
CAN,1991,9.2482973096
CAN,1992,10.0436010218
CAN,1993,10.2680848652
CAN,1994,9.3527598767
CAN,1995,8.4990059642
CAN,1996,8.6406992348
CAN,1997,7.8308151714
CAN,1998,7.0599000493
CAN,1999,6.4270845128
CAN,2000,5.75
CAN,2001,6.1914207153
CAN,2002,6.5682353632
CAN,2003,6.4473224825
CAN,2004,6.0191190687
CAN,2005,5.7556034021
CAN,2006,5.2884496907
CAN,2007,5.0562162865
CAN,2008,5.0686156797
CAN,2009,7.062904495
CAN,2010,6.8709244342
CAN,2011,6.2002964285
CAN,2012,6.0151926035
CAN,2013,5.8802605369
CHE,1991,1.5993823594
CHE,1992,2.5829705542
CHE,1993,3.2489442599
CHE,1994,3.5342174117
CHE,1995,3.0181791575
CHE,1996,3.6599018284
CHE,1997,4.07004808
CHE,1998,3.3358115239
CHE,1999,2.6493202173
CHE,2000,2.28078123
CHE,2001,2.0621961228
CHE,2002,2.6547822399
CHE,2003,3.6636670003
CHE,2004,3.9817722733
CHE,2005,3.8480817043
CHE,2006,3.5284632929
CHE,2007,3.1465418569
CHE,2008,2.865466844
CHE,2009,3.6713283638
CHE,2010,4.2459250126
CHE,2011,3.6095124232
CHE,2012,3.7457710039
CHE,2013,4.063207749
CHL,1996,4.9002077792
CHL,1997,4.8067646153
CHL,1998,5.0987786492
CHL,1999,8.2778824218
CHL,2000,7.6445917584
CHL,2001,7.8496694541
CHL,2002,7.5790040713
CHL,2003,7.1507182616
CHL,2004,7.6265290312
CHL,2005,6.8397900254
CHL,2006,6.6756796967
CHL,2007,6.0139004499
CHL,2008,6.5520015818
CHL,2009,8.5004249506
CHL,2010,7.1201335754
CHL,2011,6.0028808799
CHL,2012,5.4969176879
CHL,2013,5.0563396153
CHN,2000,2.7895668751
CHN,2010,2.506192163
COL,2001,11.9234300533
COL,2002,12.4341474965
COL,2003,11.1425269802
COL,2004,10.7697196882
COL,2005,9.1402136577
COL,2007,8.9719217209
COL,2008,9.0177500507
COL,2009,9.7254343918
COL,2010,9.4866484252
COL,2011,8.5759382257
COL,2012,8.4042296458
COL,2013,7.9225744136
CYP,2005,4.5011744121
CYP,2006,4.1302237618
CYP,2007,3.3648002242
CYP,2008,3.160343788
CYP,2009,4.5830371741
CYP,2010,5.3805664507
CYP,2011,6.8190635259
CYP,2012,10.4876730983
CYP,2013,13.8989906884
CZE,1993,3.4258457891
CZE,1994,3.3830671219
CZE,1995,3.2799231857
CZE,1996,3.196546919
CZE,1997,4.1277428939
CZE,1998,5.4672924823
CZE,1999,7.5223639939
CZE,2000,7.7430218483
CZE,2001,7.1834553672
CZE,2002,6.4870112089
CZE,2003,6.969430117
CZE,2004,7.3025821008
CZE,2005,7.1384140728
CZE,2006,6.3501542749
CZE,2007,4.9250846663
CZE,2008,3.9776119403
CZE,2009,5.914554599
CZE,2010,6.4436336667
CZE,2011,5.9463641421
CZE,2012,6.1239490425
CZE,2013,6.2280401744
DEU,1970,0.425759648
DEU,1971,0.5863077823
DEU,1972,0.7330559197
DEU,1973,0.8444714459
DEU,1974,1.8990711065
DEU,1975,3.5618366905
DEU,1976,3.4223787591
DEU,1977,3.2767016557
DEU,1978,3.1194833154
DEU,1979,2.6696157331
DEU,1980,2.6713587899
DEU,1981,3.7965363476
DEU,1982,5.5549269698
DEU,1983,6.9445015416
DEU,1984,6.2231493534
DEU,1985,6.3480380046
DEU,1986,5.9808744069
DEU,1987,5.8269752126
DEU,1988,5.7065883371
DEU,1989,5.2622633328
DEU,1990,4.6051958869
DEU,1991,5.405127854
DEU,1992,6.4518319807
DEU,1993,7.5977916919
DEU,1994,8.068640646
DEU,1995,7.6520976663
DEU,1996,8.0472175379
DEU,1997,8.903855868
DEU,1998,8.3915382816
DEU,1999,7.6060606061
DEU,2000,6.9985545733
DEU,2001,7.262793177
DEU,2002,8.1388390186
DEU,2003,9.1418343333
DEU,2004,9.7170155592
DEU,2005,10.4094333443
DEU,2006,9.5729109065
DEU,2007,7.9787756706
DEU,2008,7.0024973712
DEU,2009,7.2958257713
DEU,2010,6.6496418148
DEU,2011,5.503155098
DEU,2012,5.072222592
DEU,2013,4.9438802779
DNK,1983,8.0391384436
DNK,1984,8.013398093
DNK,1985,7.1083283929
DNK,1986,5.7095140509
DNK,1987,5.3672677104
DNK,1988,6.0954439268
DNK,1989,7.4697202684
DNK,1990,7.945890874
DNK,1991,8.6655783271
DNK,1992,8.4556087968
DNK,1993,10.2485863508
DNK,1994,7.78949494
DNK,1995,6.155957261
DNK,1996,6.0395111747
DNK,1997,4.8464280109
DNK,1998,4.5814697815
DNK,1999,4.279473338
DNK,2000,4.0710590716
DNK,2001,3.4674847124
DNK,2002,4.1855679677
DNK,2003,4.8972848224
DNK,2004,5.0551779302
DNK,2005,4.0870203348
DNK,2006,3.1702316002
DNK,2007,3.1213108534
DNK,2008,2.6303764547
DNK,2009,5.1986729753
DNK,2010,6.5917410157
DNK,2011,6.6211122942
DNK,2012,6.7140785205
DNK,2013,6.2837676589
ESP,1972,1.4339823244
ESP,1973,1.447007707
ESP,1974,1.7476269532
ESP,1975,3.0246850874
ESP,1976,3.2654857782
ESP,1977,3.4838740299
ESP,1978,4.4508738781
ESP,1979,5.6189106051
ESP,1980,7.4609002812
ESP,1981,9.1863850633
ESP,1982,10.4559801985
ESP,1983,11.7082961641
ESP,1984,13.9942300916
ESP,1985,15.6139989818
ESP,1986,15.2346532022
ESP,1987,15.0083817156
ESP,1988,14.7273087202
ESP,1989,13.725357295
ESP,1990,13.1426249338
ESP,1991,13.7159479176
ESP,1992,15.7416063827
ESP,1993,19.4089026641
ESP,1994,20.8899293407
ESP,1995,20.0224284674
ESP,1996,19.4312025121
ESP,1997,18.3068034617
ESP,1998,16.5903747645
ESP,1999,13.9542126212
ESP,2000,12.3436984947
ESP,2001,9.2567676265
ESP,2002,10.2061921064
ESP,2003,10.2894012196
ESP,2004,9.809368972
ESP,2005,7.9548896511
ESP,2006,7.4737238664
ESP,2007,7.2004690525
ESP,2008,10.0741855135
ESP,2009,16.3385000217
ESP,2010,18.3737045687
ESP,2011,19.8806793027
ESP,2012,23.260751372
ESP,2013,24.4648901651
EST,1990,0.5194474199
EST,1991,1.2781456997
EST,1992,3.2882581431
EST,1993,6.2920689151
EST,1994,7.3164738476
EST,1995,9.4125969082
EST,1996,9.5103821744
EST,1997,9.5841333153
EST,1998,9.6915241359
EST,1999,12.1036851342
EST,2000,13.9879112229
EST,2001,12.3346818928
EST,2002,10.9301758308
EST,2003,9.5310298922
EST,2004,9.1675913991
EST,2005,7.7398522709
EST,2006,5.5655595035
EST,2007,4.1659782684
EST,2008,4.8589141287
EST,2009,12.8199043418
EST,2010,15.1279260035
EST,2011,11.4671893673
EST,2012,9.5012254658
EST,2013,8.2661852687
FIN,1963,1.2583271651
FIN,1964,1.2381646031
FIN,1965,1.1029411765
FIN,1966,1.2381646031
FIN,1967,2.2794117647
FIN,1968,3.3185840708
FIN,1969,2.2156573117
FIN,1970,1.7946877243
FIN,1971,2.0436927414
FIN,1972,2.0519835841
FIN,1973,1.9066403682
FIN,1974,1.3880126183
FIN,1975,1.975308642
FIN,1976,3.0599755202
FIN,1977,4.3217286915
FIN,1978,5.802249852
FIN,1979,4.8808832074
FIN,1980,3.7628278221
FIN,1981,3.7619314992
FIN,1982,4.2284459088
FIN,1983,4.2656587473
FIN,1984,3.8605898123
FIN,1985,3.9640591966
FIN,1986,4.2364016736
FIN,1987,4.4155844156
FIN,1988,3.818369453
FIN,1989,2.1384928717
FIN,1990,2.031488065
FIN,1991,5.1451859399
FIN,1992,9.5771777891
FIN,1993,14.0458015267
FIN,1994,14.0973630832
FIN,1995,13.1114473021
FIN,1996,12.1471774194
FIN,1997,10.6979113602
FIN,1998,9.4731509625
FIN,1999,8.4173387097
FIN,2000,7.9677256682
FIN,2001,7.4300254453
FIN,2002,7.3484069887
FIN,2003,7.2622779519
FIN,2004,7.2900158479
FIN,2005,6.9002123142
FIN,2006,6.0897435897
FIN,2007,5.3026245313
FIN,2008,4.8
FIN,2009,6.6058002148
FIN,2010,6.8909386869
FIN,2011,6.1513336962
FIN,2012,6.1850027367
FIN,2013,6.6703417861
FRA,1983,5.4821795981
FRA,1984,6.534146519
FRA,1985,7.3010832334
FRA,1986,7.6757715284
FRA,1987,8.4867788497
FRA,1988,8.221573276
FRA,1989,8.1316998695
FRA,1990,7.8256813252
FRA,1991,7.772195011
FRA,1992,8.8075142307
FRA,1993,9.7608564111
FRA,1994,11.0932080009
FRA,1995,10.4555312839
FRA,1996,10.9743632583
FRA,1997,11.152109431
FRA,1998,10.8454278881
FRA,1999,10.6875666897
FRA,2000,9.280681406
FRA,2001,7.7350818606
FRA,2002,7.7618104404
FRA,2003,7.5696130733
FRA,2004,7.7945388845
FRA,2005,7.823342092
FRA,2006,7.5686675352
FRA,2007,6.9648550665
FRA,2008,6.3257678455
FRA,2009,7.688416514
FRA,2010,7.9808081386
FRA,2011,8.0272375713
FRA,2012,8.6328840041
FRA,2013,8.7101899114
FTFR,1970,0.425759648
FTFR,1971,0.5863077823
FTFR,1972,0.7330559197
FTFR,1973,0.8444714459
FTFR,1974,1.8990711065
FTFR,1975,3.5618366905
FTFR,1976,3.4223787591
FTFR,1977,3.2767016557
FTFR,1978,3.1194833154
FTFR,1979,2.6696157331
FTFR,1980,2.6713587899
FTFR,1981,3.7965363476
FTFR,1982,5.5549269698
FTFR,1983,6.9445015416
FTFR,1984,6.2231493534
FTFR,1985,6.3480380046
FTFR,1986,5.9808744069
FTFR,1987,5.8269752126
FTFR,1988,5.7065883371
FTFR,1989,5.2622633328
FTFR,1990,4.6051958869
FTFR,1991,3.887393549
FTFR,1992,4.1178251654
FTFR,1993,5.4860607096
FTFR,1994,6.2353692275
FTFR,1995,6.0268616117
FTFR,1996,6.5130218226
FTFR,1997,7.017765429
FTFR,1998,6.6357250376
GBR,1984,9.5159858386
GBR,1985,9.5213291559
GBR,1986,9.3685840703
GBR,1987,9.365442673
GBR,1988,7.5206894125
GBR,1989,6.2142659559
GBR,1990,5.8009825138
GBR,1991,7.0634469207
GBR,1992,8.4867649309
GBR,1993,8.7092858588
GBR,1994,8.2480946651
GBR,1995,7.3768043803
GBR,1996,6.8992745398
GBR,1997,5.8388801879
GBR,1998,5.0029256875
GBR,1999,4.8778127268
GBR,2000,4.4330940105
GBR,2001,3.8455964056
GBR,2002,4.1255648963
GBR,2003,3.7489613373
GBR,2004,3.6077160948
GBR,2005,3.4409638554
GBR,2006,4.0927045163
GBR,2007,3.7460829931
GBR,2008,3.908013544
GBR,2009,6.0536649215
GBR,2010,6.1096678419
GBR,2011,6.1232914412
GBR,2012,5.9934245864
GBR,2013,5.8366146839
GRC,1983,6.0569262631
GRC,1984,6.3661616162
GRC,1985,5.9950416949
GRC,1986,5.5635202092
GRC,1987,5.4839915286
GRC,1988,5.7206044969
GRC,1989,5.4679311205
GRC,1990,5.1476537217
GRC,1991,5.7375120893
GRC,1992,6.0105714884
GRC,1993,6.6464327384
GRC,1994,6.9894770564
GRC,1995,7.2999224545
GRC,1996,7.6964317544
GRC,1997,7.6882829073
GRC,1998,8.9885866788
GRC,1999,9.83979174
GRC,2000,9.6117091879
GRC,2001,8.7943991864
GRC,2002,9.0973169327
GRC,2003,8.7103441687
GRC,2004,9.4568616039
GRC,2005,9.1144895131
GRC,2006,8.1350463209
GRC,2007,7.7631931523
GRC,2008,7.1689906419
GRC,2009,8.9362566626
GRC,2010,12.0027827976
GRC,2011,17.1369685964
GRC,2012,23.619505245
GRC,2013,26.7523276062
HRV,2005,10.8975278404
HRV,2006,9.8602344948
HRV,2007,8.4037190341
HRV,2008,7.2868157866
HRV,2009,7.8873848905
HRV,2010,10.295695496
HRV,2011,12.1733979125
HRV,2012,14.2602649372
HRV,2013,15.3663650256
HUN,1992,8.7691116147
HUN,1993,10.3608399882
HUN,1994,9.2501517911
HUN,1995,8.9035398503
HUN,1996,8.6844714339
HUN,1997,7.5177304965
HUN,1998,6.7779429695
HUN,1999,6.2244051456
HUN,2000,5.6578628544
HUN,2001,5.1437170805
HUN,2002,5.1692657667
HUN,2003,5.3055801594
HUN,2004,5.458947182
HUN,2005,6.4244262343
HUN,2006,6.8044689512
HUN,2007,6.8119195836
HUN,2008,7.1447044046
HUN,2009,9.1383390014
HUN,2010,10.395004998
HUN,2011,10.0729071923
HUN,2012,10.0037720157
HUN,2013,9.2225061999
IND,2010,2.1933108642
IND,2012,2.316865005
IRL,1961,5.1594103531
IRL,1966,4.6930134086
IRL,1971,5.4727240835
IRL,1975,7.7435734687
IRL,1977,7.3402948403
IRL,1979,6.103286385
IRL,1981,9.3828539514
IRL,1983,12.4853075617
IRL,1984,13.6574671137
IRL,1985,15.4906423875
IRL,1986,15.6137071651
IRL,1987,15.4983768186
IRL,1988,14.963547269
IRL,1989,14.5534337564
IRL,1990,12.4828060523
IRL,1991,13.7677935943
IRL,1992,14.0552246887
IRL,1993,14.3784010046
IRL,1994,13.4102088541
IRL,1995,11.0534453384
IRL,1996,11.1241461522
IRL,1997,9.5166594508
IRL,1998,6.9972885126
IRL,1999,5.2210526148
IRL,2000,4.0196948732
IRL,2001,3.1210888587
IRL,2002,3.6452004583
IRL,2003,3.8997837891
IRL,2004,3.8162441855
IRL,2005,3.9523254504
IRL,2006,3.8600407131
IRL,2007,3.9769163532
IRL,2008,4.8116512544
IRL,2009,10.8149510164
IRL,2010,12.6474201644
IRL,2011,13.5274285973
IRL,2012,13.5831380131
IRL,2013,12.6266658152
ISL,1991,2.2051394685
ISL,1992,3.2077251195
ISL,1993,4.3413251916
ISL,1994,4.1800311465
ISL,1995,3.6745645091
ISL,1996,2.6039083926
ISL,1997,2.9985947247
ISL,1998,2.0664465126
ISL,1999,1.3647954256
ISL,2000,1.7211818087
ISL,2001,1.7228701472
ISL,2002,2.6613654604
ISL,2003,2.4771076289
ISL,2004,1.9755444451
ISL,2005,1.7242181034
ISL,2006,1.9332161687
ISL,2007,1.3428113363
ISL,2008,1.9818699645
ISL,2009,6.1512955493
ISL,2010,6.338868757
ISL,2011,5.6421056342
ISL,2012,4.5889235588
ISL,2013,4.6358412221
ISR,1985,5.1264758777
ISR,1986,5.4576654651
ISR,1987,4.8463390189
ISR,1988,5.1881073451
ISR,1989,7.2960027867
ISR,1990,8.0026227083
ISR,1991,8.8018109437
ISR,1992,9.4600105284
ISR,1993,8.2670033094
ISR,1994,6.3218824369
ISR,1995,5.5193474515
ISR,1996,5.5657326008
ISR,1997,6.5866008286
ISR,1998,7.1885505255
ISR,1999,7.7208066164
ISR,2000,7.4818456193
ISR,2001,8.0934272214
ISR,2002,9.0904156855
ISR,2003,9.432563097
ISR,2004,9.1106252183
ISR,2005,7.8590352572
ISR,2006,7.0732161465
ISR,2007,6.218685896
ISR,2008,5.3710910845
ISR,2009,6.9357761498
ISR,2010,5.9908974793
ISR,2011,5.0870440031
ISR,2012,6.1150928371
ISR,2013,5.6607691729
ITA,1970,1.6054252301
ITA,1971,1.6671278362
ITA,1972,1.6570008285
ITA,1973,1.6534525988
ITA,1974,1.2879240523
ITA,1975,1.5296117139
ITA,1976,1.6745797511
ITA,1977,3.2852466966
ITA,1978,3.3167991394
ITA,1979,3.4874147259
ITA,1980,3.3998478553
ITA,1981,3.4753298076
ITA,1982,3.7775202781
ITA,1983,4.7267449199
ITA,1984,5.4018609879
ITA,1985,5.6293835364
ITA,1986,6.553486674
ITA,1987,7.3855776749
ITA,1988,7.7899733017
ITA,1989,8.1567609042
ITA,1990,7.7017043802
ITA,1991,7.4673090158
ITA,1992,8.0414238017
ITA,1993,7.0631096486
ITA,1994,8.1879194631
ITA,1995,8.7886672449
ITA,1996,8.932959936
ITA,1997,9.1637512696
ITA,1998,9.4303097345
ITA,1999,9.1935921803
ITA,2000,8.5404385244
ITA,2001,7.8731112153
ITA,2002,7.5160355887
ITA,2003,7.2266308826
ITA,2004,6.8766885864
ITA,2005,6.6579040493
ITA,2006,5.8917763438
ITA,2007,5.316253642
ITA,2008,5.9572224324
ITA,2009,6.9533025456
ITA,2010,7.5631508146
ITA,2011,7.5072232739
ITA,2012,9.642661751
ITA,2013,11.2542773898
JPN,1968,0.9672386895
JPN,1969,0.9216589862
JPN,1970,0.8819951338
JPN,1971,0.9408194234
JPN,1972,1.0616337364
JPN,1973,0.9845288326
JPN,1974,1.1291655191
JPN,1975,1.6216216216
JPN,1976,1.6864295125
JPN,1977,1.6975308642
JPN,1978,1.8958543984
JPN,1979,1.7202692595
JPN,1980,1.6831683168
JPN,1981,1.8454724409
JPN,1982,1.8780487805
JPN,1983,2.1744382701
JPN,1984,2.1440616719
JPN,1985,2.0938628159
JPN,1986,2.186974285
JPN,1987,2.30105465
JPN,1988,2.0038167939
JPN,1989,1.7518939394
JPN,1990,1.6397282736
JPN,1991,1.5917602996
JPN,1992,1.7044127948
JPN,1993,2.027972028
JPN,1994,2.3665893271
JPN,1995,2.5688498033
JPN,1996,2.7387802071
JPN,1997,2.804377565
JPN,1998,3.4145231049
JPN,1999,3.9617486339
JPN,2000,4.0733197556
JPN,2001,4.3877322588
JPN,2002,4.9117247623
JPN,2003,4.6953733394
JPN,2004,4.3609371376
JPN,2005,4.168618267
JPN,2006,3.8624587847
JPN,2007,3.7221431958
JPN,2008,3.8855780691
JPN,2009,4.9450549451
JPN,2010,4.863440345
JPN,2011,4.4287871163
JPN,2012,4.2634730539
JPN,2013,4.0592168099
KOR,1980,3.746545194
KOR,1981,3.3257222277
KOR,1982,3.2619185485
KOR,1983,3.1952773613
KOR,1984,3.0032543003
KOR,1985,3.0854919989
KOR,1986,3.11619568
KOR,1987,2.5010150223
KOR,1988,1.9220208677
KOR,1989,2.0801700577
KOR,1990,1.8926974665
KOR,1991,1.6958979562
KOR,1992,1.8132688616
KOR,1993,2.1073862846
KOR,1994,1.9422074846
KOR,1995,1.5635308088
KOR,1996,1.6447157083
KOR,1997,2.1573286643
KOR,1998,6.3573667712
KOR,1999,5.8287908821
KOR,2000,3.9665327574
KOR,2001,3.6171174924
KOR,2002,2.9765077283
KOR,2003,3.1293268951
KOR,2004,3.229682181
KOR,2005,3.3972830732
KOR,2006,3.1654676259
KOR,2007,3.1017097764
KOR,2008,3.0395136778
KOR,2009,3.56579019
KOR,2010,3.4757186942
KOR,2011,3.1631064603
KOR,2012,2.9584256484
KOR,2013,2.931903614
LTU,2005,7.8491887028
LTU,2006,5.1553506953
LTU,2007,3.9735172059
LTU,2008,5.1965599445
LTU,2009,12.729632275
LTU,2010,16.7055455133
LTU,2011,14.2797688237
LTU,2012,12.5525121889
LTU,2013,10.9994897029
LUX,1983,2.2883298416
LUX,1984,1.9379138431
LUX,1985,2.1478244079
LUX,1986,1.8374411353
LUX,1987,1.9432541875
LUX,1988,1.463833442
LUX,1989,1.2881246157
LUX,1990,1.3738385173
LUX,1991,1.2866836319
LUX,1992,1.7907411392
LUX,1993,2.1101062678
LUX,1994,2.9944581408
LUX,1995,2.4967667291
LUX,1996,2.6965127563
LUX,1997,2.0657415941
LUX,1998,2.5130590943
LUX,1999,1.988500041
LUX,2000,2.006511454
LUX,2001,1.4190409525
LUX,2002,2.3563181759
LUX,2003,3.2044279851
LUX,2004,4.4424273619
LUX,2005,3.9098466402
LUX,2006,4.0965876114
LUX,2007,3.3709753854
LUX,2008,4.167877674
LUX,2009,4.2211666525
LUX,2010,3.9137143717
LUX,2011,4.2885283846
LUX,2012,4.4708856971
LUX,2013,5.3326969874
LVA,2005,8.3998552012
LVA,2006,6.1276128865
LVA,2007,5.7131927771
LVA,2008,7.3642846562
LVA,2009,16.1954875919
LVA,2010,18.0259621007
LVA,2011,14.8425402948
LVA,2012,13.695930008
LVA,2013,11.0486414155
MEX,1991,2.2220943418
MEX,1992,2.3107882704
MEX,1993,2.4776680087
MEX,1994,3.295050013
MEX,1995,5.3842235147
MEX,1996,3.9751319899
MEX,1997,3.0940954296
MEX,1998,2.7285323702
MEX,1999,2.1359976663
MEX,2000,1.793393489
MEX,2001,1.9447754696
MEX,2002,2.1077228396
MEX,2003,2.2513688613
MEX,2004,2.7616102297
MEX,2005,2.8005464754
MEX,2006,2.5391714285
MEX,2007,2.7470090359
MEX,2008,2.7870010446
MEX,2009,4.242732563
MEX,2010,4.4055972285
MEX,2011,4.4185923188
MEX,2012,3.9519413121
MEX,2013,4.3221619621
MKD,2006,33.2624448953
MKD,2007,32.3058413571
MKD,2008,30.9936604564
MKD,2009,29.5875213749
MKD,2010,29.7312011561
MKD,2011,28.7485502226
MKD,2012,28.9571105785
MKD,2013,26.8832580603
MLT,2005,5.014259027
MLT,2006,5.1545002691
MLT,2007,4.9915246409
MLT,2008,4.8462021824
MLT,2009,5.3036342404
MLT,2010,5.9073064855
MLT,2011,5.4454458919
MLT,2012,5.1327722228
MLT,2013,5.1936122206
NLD,1971,1.1945621469
NLD,1972,2.0362735617
NLD,1973,2.037085658
NLD,1974,2.3808463252
NLD,1975,3.216367018
NLD,1976,3.2868827628
NLD,1977,3.0311665183
NLD,1978,2.92303207
NLD,1979,2.8539071348
NLD,1980,3.2977911099
NLD,1981,5.0736623763
NLD,1982,7.1260025873
NLD,1983,10.5733205761
NLD,1984,11.1832362523
NLD,1985,10.9253125076
NLD,1986,10.3963212288
NLD,1987,8.3061535116
NLD,1988,8.1228956229
NLD,1989,7.5448361163
NLD,1990,6.6759944034
NLD,1991,6.2536189925
NLD,1992,5.0893028615
NLD,1993,5.4943001308
NLD,1994,6.2637362637
NLD,1995,6.1010316613
NLD,1996,5.4833040422
NLD,1997,4.8436963243
NLD,1998,3.658742202
NLD,1999,2.850435949
NLD,2000,2.5008280888
NLD,2001,2.058774697
NLD,2002,2.6189292226
NLD,2003,3.5863219349
NLD,2004,4.3774966711
NLD,2005,4.5137736475
NLD,2006,3.6680497925
NLD,2007,2.7639854353
NLD,2008,2.2046725897
NLD,2009,2.9023746702
NLD,2010,3.6206610198
NLD,2011,3.7546094536
NLD,2012,4.4083110521
NLD,2013,5.8026896836
NOR,1972,0.968054211
NOR,1973,0.5741626794
NOR,1974,0.7597340931
NOR,1975,1.2855831038
NOR,1976,1.1524822695
NOR,1977,0.9573542211
NOR,1978,1.2776831346
NOR,1979,1.081530782
NOR,1980,1.1532125206
NOR,1981,1.5285599356
NOR,1982,1.8912529551
NOR,1983,2.4825446082
NOR,1984,2.5757575758
NOR,1985,1.9216555802
NOR,1986,1.3708513709
NOR,1987,1.4716187807
NOR,1988,2.2084195997
NOR,1989,3.7517053206
NOR,1990,4.3214044564
NOR,1991,4.3391188251
NOR,1992,4.7994740302
NOR,1993,4.9967553537
NOR,1994,4.4614404079
NOR,1995,4.0660024907
NOR,1996,3.8652912621
NOR,1997,3.0393325387
NOR,1998,2.3598820059
NOR,1999,2.413184226
NOR,2000,2.5851938895
NOR,2001,2.5989367986
NOR,2002,3.0321046373
NOR,2003,3.8438438438
NOR,2004,3.8392321536
NOR,2005,3.9788315144
NOR,2006,2.9493633402
NOR,2007,1.9410664172
NOR,2008,1.9537275064
NOR,2009,2.467872171
NOR,2010,3.0592516775
NOR,2011,2.7431280691
NOR,2012,2.6502259666
NOR,2013,2.9400386319
NZL,1986,2.8919761837
NZL,1987,2.8847926267
NZL,1988,4.1354756253
NZL,1989,5.299393061
NZL,1990,6.0506732814
NZL,1991,8.4220548775
NZL,1992,8.5531914894
NZL,1993,7.924275423
NZL,1994,6.7744041789
NZL,1995,5.2095760757
NZL,1996,5.0643644492
NZL,1997,5.4843358871
NZL,1998,6.3392991427
NZL,1999,5.67581641
NZL,2000,4.6789667897
NZL,2001,4.2239036215
NZL,2002,4.107505071
NZL,2003,3.6259405231
NZL,2004,2.9807624551
NZL,2005,2.7758596879
NZL,2006,2.7119338753
NZL,2007,2.580995721
NZL,2008,2.9118360744
NZL,2009,4.3916196616
NZL,2010,4.885557489
NZL,2011,4.9109516215
NZL,2012,5.2989855846
NZL,2013,4.746209672
POL,1992,11.9459846856
POL,1993,12.6673356939
POL,1994,12.7994368019
POL,1995,11.6854487752
POL,1996,10.8134632924
POL,1997,9.9577735607
POL,1998,9.4572025052
POL,1999,10.849230316
POL,2000,13.8787436085
POL,2001,15.7538730089
POL,2002,17.5155152822
POL,2003,17.3442136499
POL,2004,16.9003092328
POL,2005,15.9699014998
POL,2006,12.2180660802
POL,2007,8.355930051
POL,2008,6.0759080074
POL,2009,6.9141834294
POL,2010,8.2868567821
POL,2011,8.2445747492
POL,2012,8.7629447465
POL,2013,9.0437714585
PRT,1974,0.6696333969
PRT,1975,2.7010050251
PRT,1976,4.0188839124
PRT,1977,4.170412351
PRT,1978,4.1783054004
PRT,1979,4.434054747
PRT,1980,4.2474954035
PRT,1981,4.7161087479
PRT,1982,4.1885591652
PRT,1983,5.1196692014
PRT,1984,5.6651279899
PRT,1985,5.9504305086
PRT,1986,6.0077783843
PRT,1987,5.0246138177
PRT,1988,4.1673612269
PRT,1989,3.8196355161
PRT,1990,3.6524169472
PRT,1991,3.2901507355
PRT,1992,3.1508603191
PRT,1993,4.4015062658
PRT,1994,5.8188399129
PRT,1995,6.1363705576
PRT,1996,6.1521012782
PRT,1997,5.7551979971
PRT,1998,4.4451362039
PRT,1999,4.0518367908
PRT,2000,3.4804108482
PRT,2001,3.4833284836
PRT,2002,4.4656428452
PRT,2003,5.7750839466
PRT,2004,6.0322810909
PRT,2005,7.2450241649
PRT,2006,7.3305221457
PRT,2007,7.7497203416
PRT,2008,7.2131716436
PRT,2009,9.2375769027
PRT,2010,10.6738795346
PRT,2011,11.9292638879
PRT,2012,14.6932699879
PRT,2013,15.5105602386
ROU,2005,6.3591609056
ROU,2006,6.4431182005
ROU,2007,5.5967173696
ROU,2008,4.9908334228
ROU,2009,6.055236994
ROU,2010,6.4295516974
ROU,2011,6.3962533027
ROU,2012,6.2257919186
ROU,2013,6.5283057505
RUS,1992,3.7909299284
RUS,1993,4.6507776541
RUS,1994,6.928527006
RUS,1995,8.1114100467
RUS,1996,8.2790046815
RUS,1997,10.2451376175
RUS,1998,11.4229889739
RUS,1999,11.5505353973
RUS,2000,9.2240437961
RUS,2001,7.8000334078
RUS,2002,6.9211713971
RUS,2003,7.05172551
RUS,2004,6.542705054
RUS,2005,6.1432926306
RUS,2006,6.0271849024
RUS,2007,5.0919997845
RUS,2008,5.2301428858
RUS,2009,7.1146261957
RUS,2010,6.3000456012
RUS,2011,5.5944643788
RUS,2012,4.6081222169
RUS,2013,4.6996788655
SVK,1994,10.9727382136
SVK,1995,10.9603178699
SVK,1996,9.5099837001
SVK,1997,9.8691912251
SVK,1998,10.2422460977
SVK,1999,13.0638722555
SVK,2000,15.4584897382
SVK,2001,15.8776367281
SVK,2002,15.3249365452
SVK,2003,15.0500403168
SVK,2004,15.9984995546
SVK,2005,14.3943661972
SVK,2006,11.8292625975
SVK,2007,10.0964147556
SVK,2008,8.8069379154
SVK,2009,10.8339980518
SVK,2010,12.8094013358
SVK,2011,12.0907231368
SVK,2012,12.3539474826
SVK,2013,12.8291432873
SVN,2002,5.3448279571
SVN,2003,5.7070104239
SVN,2004,5.3836969631
SVN,2005,5.6434564082
SVN,2006,5.4244049996
SVN,2007,4.4519756394
SVN,2008,3.7134796835
SVN,2009,5.3486572162
SVN,2010,6.9768510474
SVN,2011,7.7916974439
SVN,2012,8.2583110167
SVN,2013,9.6841530709
SWE,1963,1.2740520965
SWE,1964,1.2160197383
SWE,1965,0.8671919708
SWE,1966,1.2575058742
SWE,1967,1.5726421259
SWE,1968,1.6847896162
SWE,1969,1.3910550942
SWE,1970,1.0661329194
SWE,1971,1.8133992268
SWE,1972,1.9830028329
SWE,1973,1.7984074578
SWE,1974,1.3291307485
SWE,1975,1.0555164624
SWE,1976,1.1021200249
SWE,1977,1.3524264121
SWE,1978,1.6183075497
SWE,1979,1.4733288794
SWE,1980,1.4118708156
SWE,1981,1.8028516589
SWE,1982,2.3173752248
SWE,1983,2.5322824082
SWE,1984,2.2980871413
SWE,1985,2.0142608353
SWE,1986,1.9168291098
SWE,1987,1.6510197475
SWE,1988,1.376
SWE,1989,1.1635220126
SWE,1990,1.2662137122
SWE,1991,2.514566084
SWE,1992,4.7706422018
SWE,1993,7.8761875575
SWE,1994,8.1105990783
SWE,1995,7.7787906411
SWE,1996,8.5956416465
SWE,1997,8.9105889533
SWE,1998,7.5669024915
SWE,1999,6.2307217767
SWE,2000,4.9443757726
SWE,2001,4.0695868282
SWE,2002,4.2266750157
SWE,2003,4.8803526448
SWE,2004,5.4614532215
SWE,2005,6.2480552617
SWE,2006,5.3004632076
SWE,2007,4.4118553207
SWE,2008,4.3164587919
SWE,2009,6.1837644524
SWE,2010,6.4431814728
SWE,2011,5.7397729321
SWE,2012,5.9287244169
SWE,2013,6.0590914933
TUR,1988,4.9651492987
TUR,1989,5.8706302416
TUR,1990,5.406717928
TUR,1991,5.6478405316
TUR,1992,5.7955501185
TUR,1993,6
TUR,1994,6.1839012926
TUR,1995,5.1535399488
TUR,1996,4.5660508888
TUR,1997,4.6387154326
TUR,1998,4.9284159134
TUR,1999,5.8475394017
TUR,2000,4.9093264249
TUR,2001,6.6972419426
TUR,2002,8.6576937068
TUR,2003,8.6912491809
TUR,2004,9.0437455966
TUR,2005,8.9962825279
TUR,2006,8.6859148962
TUR,2007,8.5495911838
TUR,2008,9.3728502637
TUR,2009,12.3203963666
TUR,2010,10.442085248
TUR,2011,8.5640270229
TUR,2012,8.1144996798
TUR,2013,8.4632622896
USA,1960,4.3683386588
USA,1961,5.2985630655
USA,1962,4.2624205447
USA,1963,4.1992537471
USA,1964,3.6731272918
USA,1965,3.1458710443
USA,1966,2.545342127
USA,1967,2.6837367641
USA,1968,2.3143109432
USA,1969,2.2817680674
USA,1970,3.3854269962
USA,1971,4.1847889973
USA,1972,3.7496416627
USA,1973,3.2443173377
USA,1974,3.7823143948
USA,1975,6.3658751099
USA,1976,5.6681822844
USA,1977,5.1425729443
USA,1978,4.2762156533
USA,1979,4.170799752
USA,1980,5.4653013423
USA,1981,5.8200749566
USA,1982,7.8760371605
USA,1983,7.9784217442
USA,1984,6.0780584501
USA,1985,5.841835077
USA,1986,5.7225811317
USA,1987,5.0449922469
USA,1988,4.4632976761
USA,1989,4.2215381767
USA,1990,4.5786488231
USA,1991,5.7001985588
USA,1992,6.3612897581
USA,1993,5.8431114326
USA,1994,4.9670919508
USA,1995,4.4509356842
USA,1996,4.2835888747
USA,1997,3.8857968478
USA,1998,3.5019297588
USA,1999,3.2037741163
USA,2000,3.0583965363
USA,2001,3.7744375675
USA,2002,4.8132600596
USA,2003,5.016176485
USA,2004,4.5543119571
USA,2005,4.140313321
USA,2006,3.7598849054
USA,2007,3.7411119842
USA,2008,4.8153647205
USA,2009,8.2888319099
USA,2010,8.6031533238
USA,2011,7.9317496044
USA,2012,7.0142517111
USA,2013,6.3121440054
ZAF,2001,21.2129805747
ZAF,2002,22.6968782526
ZAF,2003,22.4051344823
ZAF,2004,20.4932319853
ZAF,2005,20.0650969167
ZAF,2006,18.933425375
ZAF,2007,18.6292678954
ZAF,2008,19.167141487
ZAF,2009,20.4776911084
ZAF,2010,21.6077822891
ZAF,2011,21.9771160303
ZAF,2012,21.8924951791
ZAF,2013,21.7778392748
