ARG,1985,,,,,,,,
ARG,1986,,,,,,,,
ARG,1987,,,,,,,,
ARG,1988,,,,,,,,
ARG,1989,,,,,,,,
ARG,1990,,,,,,,,
ARG,1991,,,,,,,,
ARG,1992,,,,,,,,
ARG,1993,,,,,,,,
ARG,1994,,,,,,,,
ARG,1995,,,,,,,,
ARG,1996,,,,,,,,
ARG,1997,,,,,,,,
ARG,1998,,,,,,,,
ARG,1999,,,,,,,,
ARG,2000,,,,,,,,
ARG,2001,,,,,,,,
ARG,2002,,,,,,,,
ARG,2003,,,,,,,,
ARG,2004,,,,,,,,
ARG,2005,,,,,,,,
ARG,2006,,,,,,,,
ARG,2007,,,,,,,,
ARG,2008,,,,,,,,
ARG,2009,,,,,,,,
ARG,2010,,,,,,,,
ARG,2011,,,,,,,,
ARG,2012,2.151,2.643,2.858,2.151,2.451,3.875,2.375,3.042
ARG,2013,,,,,,,,
AUS,1985,1.167,,,1.167,,,0.875,
AUS,1986,1.167,,,1.167,,,0.875,
AUS,1987,1.167,,,1.167,,,0.875,
AUS,1988,1.167,,,1.167,,,0.875,
AUS,1989,1.167,,,1.167,,,0.875,
AUS,1990,1.167,,,1.167,,,0.875,
AUS,1991,1.167,,,1.167,,,0.875,
AUS,1992,1.167,,,1.167,,,0.875,
AUS,1993,1.167,,,1.167,,,0.875,
AUS,1994,1.167,,,1.167,,,0.875,
AUS,1995,1.167,,,1.167,,,0.875,
AUS,1996,1.167,,,1.167,,,0.875,
AUS,1997,1.417,,,1.417,,,0.875,
AUS,1998,1.417,1.833,,1.417,,2.875,0.875,
AUS,1999,1.417,1.833,,1.417,,2.875,0.875,
AUS,2000,1.417,1.833,,1.417,,2.875,0.875,
AUS,2001,1.417,1.833,,1.417,,2.875,0.875,
AUS,2002,1.417,1.833,,1.417,,2.875,0.875,
AUS,2003,1.417,1.833,,1.417,,2.875,0.875,
AUS,2004,1.417,1.833,,1.417,,2.875,0.875,
AUS,2005,1.417,1.833,,1.417,,2.875,0.875,
AUS,2006,1.417,1.833,,1.417,,2.875,0.875,
AUS,2007,1.167,1.655,,1.167,,2.875,0.875,
AUS,2008,1.167,1.655,1.631,1.167,1.133,2.875,0.875,0.792
AUS,2009,1.167,1.655,1.631,1.167,1.133,2.875,0.875,0.792
AUS,2010,1.667,2.012,1.988,1.667,1.633,2.875,0.875,1.042
AUS,2011,1.667,2.012,1.988,1.667,1.633,2.875,0.875,1.042
AUS,2012,1.667,2.012,1.988,1.667,1.633,2.875,0.875,1.042
AUS,2013,1.667,2.012,1.940,1.667,1.567,2.875,0.875,1.042
AUT,1985,2.750,,,2.750,,,1.313,
AUT,1986,2.750,,,2.750,,,1.313,
AUT,1987,2.750,,,2.750,,,1.313,
AUT,1988,2.750,,,2.750,,,1.313,
AUT,1989,2.750,,,2.750,,,1.313,
AUT,1990,2.750,,,2.750,,,1.313,
AUT,1991,2.750,,,2.750,,,1.313,
AUT,1992,2.750,,,2.750,,,1.313,
AUT,1993,2.750,,,2.750,,,1.313,
AUT,1994,2.750,,,2.750,,,1.313,
AUT,1995,2.750,,,2.750,,,1.313,
AUT,1996,2.750,,,2.750,,,1.313,
AUT,1997,2.750,,,2.750,,,1.313,
AUT,1998,2.750,2.893,,2.750,,3.250,1.313,
AUT,1999,2.750,2.893,,2.750,,3.250,1.313,
AUT,2000,2.750,2.893,,2.750,,3.250,1.313,
AUT,2001,2.750,2.893,,2.750,,3.250,1.313,
AUT,2002,2.750,2.893,,2.750,,3.250,1.313,
AUT,2003,2.369,2.621,,2.369,,3.250,1.313,
AUT,2004,2.369,2.621,,2.369,,3.250,1.313,
AUT,2005,2.369,2.621,,2.369,,3.250,1.313,
AUT,2006,2.369,2.621,,2.369,,3.250,1.313,
AUT,2007,2.369,2.621,,2.369,,3.250,1.313,
AUT,2008,2.369,2.621,2.442,2.369,2.119,3.250,1.313,2.167
AUT,2009,2.369,2.621,2.442,2.369,2.119,3.250,1.313,2.167
AUT,2010,2.369,2.621,2.442,2.369,2.119,3.250,1.313,2.167
AUT,2011,2.369,2.621,2.442,2.369,2.119,3.250,1.313,2.167
AUT,2012,2.369,2.621,2.442,2.369,2.119,3.250,1.313,2.167
AUT,2013,2.369,2.621,2.442,2.369,2.119,3.250,1.313,2.167
BEL,1985,1.762,,,1.762,,,4.625,
BEL,1986,1.762,,,1.762,,,4.625,
BEL,1987,1.762,,,1.762,,,4.625,
BEL,1988,1.762,,,1.762,,,4.625,
BEL,1989,1.762,,,1.762,,,4.625,
BEL,1990,1.762,,,1.762,,,4.625,
BEL,1991,1.762,,,1.762,,,4.625,
BEL,1992,1.762,,,1.762,,,4.625,
BEL,1993,1.762,,,1.762,,,4.625,
BEL,1994,1.762,,,1.762,,,4.625,
BEL,1995,1.762,,,1.762,,,4.625,
BEL,1996,1.762,,,1.762,,,4.625,
BEL,1997,1.762,,,1.762,,,4.625,
BEL,1998,1.762,2.723,,1.762,,5.125,2.375,
BEL,1999,1.762,2.723,,1.762,,5.125,2.375,
BEL,2000,1.762,2.723,,1.762,,5.125,2.375,
BEL,2001,1.810,2.757,,1.810,,5.125,2.375,
BEL,2002,1.810,2.757,,1.810,,5.125,2.375,
BEL,2003,1.810,2.757,,1.810,,5.125,2.375,
BEL,2004,1.810,2.757,,1.810,,5.125,2.375,
BEL,2005,1.810,2.757,,1.810,,5.125,2.375,
BEL,2006,1.810,2.757,,1.810,,5.125,2.375,
BEL,2007,1.810,2.757,,1.810,,5.125,2.375,
BEL,2008,1.810,2.757,2.947,1.810,2.076,5.125,2.375,2.417
BEL,2009,1.810,2.757,2.947,1.810,2.076,5.125,2.375,2.417
BEL,2010,2.000,2.893,3.083,2.000,2.267,5.125,2.375,2.417
BEL,2011,2.000,2.893,3.083,2.000,2.267,5.125,2.375,2.417
BEL,2012,1.810,2.757,2.947,1.810,2.076,5.125,2.375,2.417
BEL,2013,1.810,2.757,2.947,1.810,2.076,5.125,2.375,2.417
BRA,1985,,,,,,,,
BRA,1986,,,,,,,,
BRA,1987,,,,,,,,
BRA,1988,,,,,,,,
BRA,1989,,,,,,,,
BRA,1990,,,,,,,,
BRA,1991,,,,,,,,
BRA,1992,,,,,,,,
BRA,1993,,,,,,,,
BRA,1994,,,,,,,,
BRA,1995,,,,,,,,
BRA,1996,,,,,,,,
BRA,1997,,,,,,,,
BRA,1998,,,,,,,,
BRA,1999,,,,,,,,
BRA,2000,,,,,,,,
BRA,2001,,,,,,,,
BRA,2002,,,,,,,,
BRA,2003,,,,,,,,
BRA,2004,,,,,,,,
BRA,2005,,,,,,,,
BRA,2006,,,,,,,,
BRA,2007,,,,,,,,
BRA,2008,1.433,1.023,1.249,1.433,1.749,0.000,4.125,4.083
BRA,2009,1.433,1.023,1.249,1.433,1.749,0.000,4.125,4.083
BRA,2010,1.433,1.452,1.678,1.433,1.749,1.500,4.125,4.083
BRA,2011,1.433,1.452,1.678,1.433,1.749,1.500,4.125,4.083
BRA,2012,1.528,1.520,1.746,1.528,1.844,1.500,4.125,4.083
BRA,2013,,,,,,,,
CAN,1985,0.921,,,0.921,,,0.250,
CAN,1986,0.921,,,0.921,,,0.250,
CAN,1987,0.921,,,0.921,,,0.250,
CAN,1988,0.921,,,0.921,,,0.250,
CAN,1989,0.921,,,0.921,,,0.250,
CAN,1990,0.921,,,0.921,,,0.250,
CAN,1991,0.921,,,0.921,,,0.250,
CAN,1992,0.921,,,0.921,,,0.250,
CAN,1993,0.921,,,0.921,,,0.250,
CAN,1994,0.921,,,0.921,,,0.250,
CAN,1995,0.921,,,0.921,,,0.250,
CAN,1996,0.921,,,0.921,,,0.250,
CAN,1997,0.921,,,0.921,,,0.250,
CAN,1998,0.921,1.506,,0.921,,2.969,0.250,
CAN,1999,0.921,1.506,,0.921,,2.969,0.250,
CAN,2000,0.921,1.506,,0.921,,2.969,0.250,
CAN,2001,0.921,1.506,,0.921,,2.969,0.250,
CAN,2002,0.921,1.506,,0.921,,2.969,0.250,
CAN,2003,0.921,1.506,,0.921,,2.969,0.250,
CAN,2004,0.921,1.506,,0.921,,2.969,0.250,
CAN,2005,0.921,1.506,,0.921,,2.969,0.250,
CAN,2006,0.921,1.506,,0.921,,2.969,0.250,
CAN,2007,0.921,1.506,,0.921,,2.969,0.250,
CAN,2008,0.921,1.506,1.506,0.921,0.921,2.969,0.250,0.210
CAN,2009,0.921,1.506,1.506,0.921,0.921,2.969,0.250,0.210
CAN,2010,0.921,1.506,1.506,0.921,0.921,2.969,0.250,0.210
CAN,2011,0.921,1.506,1.506,0.921,0.921,2.969,0.250,0.210
CAN,2012,0.921,1.506,1.506,0.921,0.921,2.969,0.250,0.210
CAN,2013,0.921,1.506,1.506,0.921,0.921,2.969,0.250,0.210
CHE,1985,1.595,,,1.595,,,1.125,
CHE,1986,1.595,,,1.595,,,1.125,
CHE,1987,1.595,,,1.595,,,1.125,
CHE,1988,1.595,,,1.595,,,1.125,
CHE,1989,1.595,,,1.595,,,1.125,
CHE,1990,1.595,,,1.595,,,1.125,
CHE,1991,1.595,,,1.595,,,1.125,
CHE,1992,1.595,,,1.595,,,1.125,
CHE,1993,1.595,,,1.595,,,1.125,
CHE,1994,1.595,,,1.595,,,1.125,
CHE,1995,1.595,,,1.595,,,1.125,
CHE,1996,1.595,,,1.595,,,1.125,
CHE,1997,1.595,,,1.595,,,1.125,
CHE,1998,1.595,2.175,,1.595,,3.625,1.125,
CHE,1999,1.595,2.175,,1.595,,3.625,1.125,
CHE,2000,1.595,2.175,,1.595,,3.625,1.125,
CHE,2001,1.595,2.175,,1.595,,3.625,1.125,
CHE,2002,1.595,2.175,,1.595,,3.625,1.125,
CHE,2003,1.595,2.175,,1.595,,3.625,1.125,
CHE,2004,1.595,2.175,,1.595,,3.625,1.125,
CHE,2005,1.595,2.175,,1.595,,3.625,1.125,
CHE,2006,1.595,2.175,,1.595,,3.625,1.125,
CHE,2007,1.595,2.175,,1.595,,3.625,1.125,
CHE,2008,1.595,2.175,2.104,1.595,1.495,3.625,1.125,1.375
CHE,2009,1.595,2.175,2.104,1.595,1.495,3.625,1.125,1.375
CHE,2010,1.595,2.175,2.104,1.595,1.495,3.625,1.125,1.375
CHE,2011,1.595,2.175,2.104,1.595,1.495,3.625,1.125,1.375
CHE,2012,1.595,2.175,2.104,1.595,1.495,3.625,1.125,1.375
CHE,2013,1.595,2.175,2.104,1.595,1.495,3.625,1.125,1.375
CHL,1985,,,,,,,,
CHL,1986,,,,,,,,
CHL,1987,,,,,,,,
CHL,1988,,,,,,,,
CHL,1989,,,,,,,,
CHL,1990,,,,,,,,
CHL,1991,,,,,,,,
CHL,1992,,,,,,,,
CHL,1993,,,,,,,,
CHL,1994,,,,,,,,
CHL,1995,,,,,,,,
CHL,1996,,,,,,,,
CHL,1997,,,,,,,,
CHL,1998,,,,,,,,
CHL,1999,,,,,,,,
CHL,2000,,,,,,,,
CHL,2001,,,,,,,,
CHL,2002,,,,,,,,
CHL,2003,,,,,,,,
CHL,2004,,,,,,,,
CHL,2005,,,,,,,,
CHL,2006,,,,,,,,
CHL,2007,,,,,,,,
CHL,2008,2.627,1.876,1.805,2.627,2.527,0.000,3.000,2.417
CHL,2009,2.627,1.876,1.805,2.627,2.527,0.000,3.000,2.417
CHL,2010,2.627,1.876,1.805,2.627,2.527,0.000,3.000,2.417
CHL,2011,2.627,1.876,1.805,2.627,2.527,0.000,3.000,2.417
CHL,2012,2.627,1.876,1.805,2.627,2.527,0.000,3.000,2.417
CHL,2013,2.627,1.876,1.805,2.627,2.527,0.000,3.000,2.417
CHN,1985,,,,,,,,
CHN,1986,,,,,,,,
CHN,1987,,,,,,,,
CHN,1988,,,,,,,,
CHN,1989,,,,,,,,
CHN,1990,,,,,,,,
CHN,1991,,,,,,,,
CHN,1992,,,,,,,,
CHN,1993,,,,,,,,
CHN,1994,,,,,,,,
CHN,1995,,,,,,,,
CHN,1996,,,,,,,,
CHN,1997,,,,,,,,
CHN,1998,,,,,,,,
CHN,1999,,,,,,,,
CHN,2000,,,,,,,,
CHN,2001,,,,,,,,
CHN,2002,,,,,,,,
CHN,2003,,,,,,,,
CHN,2004,,,,,,,,
CHN,2005,,,,,,,,
CHN,2006,,,,,,,,
CHN,2007,,,,,,,,
CHN,2008,3.258,3.184,3.077,3.258,3.108,3.000,1.750,1.875
CHN,2009,3.258,3.184,3.220,3.258,3.308,3.000,1.750,1.875
CHN,2010,3.258,3.184,3.220,3.258,3.308,3.000,1.750,1.875
CHN,2011,3.258,3.184,3.220,3.258,3.308,3.000,1.750,1.875
CHN,2012,3.258,3.184,3.220,3.258,3.308,3.000,1.750,1.875
CHN,2013,,,,,,,,
CZE,1985,,,,,,,,
CZE,1986,,,,,,,,
CZE,1987,,,,,,,,
CZE,1988,,,,,,,,
CZE,1989,,,,,,,,
CZE,1990,,,,,,,,
CZE,1991,,,,,,,,
CZE,1992,,,,,,,,
CZE,1993,3.306,,,3.306,,,0.500,
CZE,1994,3.306,,,3.306,,,0.500,
CZE,1995,3.306,,,3.306,,,0.500,
CZE,1996,3.306,,,3.306,,,0.500,
CZE,1997,3.306,,,3.306,,,0.500,
CZE,1998,3.306,2.968,,3.306,,2.125,0.500,
CZE,1999,3.306,2.968,,3.306,,2.125,0.500,
CZE,2000,3.306,2.968,,3.306,,2.125,0.500,
CZE,2001,3.306,2.968,,3.306,,2.125,0.500,
CZE,2002,3.306,2.968,,3.306,,2.125,0.500,
CZE,2003,3.306,2.968,,3.306,,2.125,0.500,
CZE,2004,3.306,2.968,,3.306,,2.125,0.500,
CZE,2005,3.306,2.968,,3.306,,2.125,1.125,
CZE,2006,3.306,2.968,,3.306,,2.125,1.125,
CZE,2007,3.052,2.787,,3.052,,2.125,1.125,
CZE,2008,3.052,2.787,2.751,3.052,3.002,2.125,1.125,1.875
CZE,2009,3.052,2.787,2.751,3.052,3.002,2.125,1.125,1.875
CZE,2010,3.052,2.787,2.751,3.052,3.002,2.125,1.313,2.000
CZE,2011,3.052,2.787,2.751,3.052,3.002,2.125,1.313,2.000
CZE,2012,2.925,2.696,2.660,2.925,2.875,2.125,1.438,2.125
CZE,2013,2.925,2.696,2.660,2.925,2.875,2.125,1.438,2.125
DEU,1985,2.583,,,2.583,,,5.000,
DEU,1986,2.583,,,2.583,,,3.250,
DEU,1987,2.583,,,2.583,,,3.250,
DEU,1988,2.583,,,2.583,,,3.250,
DEU,1989,2.583,,,2.583,,,3.250,
DEU,1990,2.583,,,2.583,,,3.250,
DEU,1991,2.583,,,2.583,,,3.250,
DEU,1992,2.583,,,2.583,,,3.250,
DEU,1993,2.583,,,2.583,,,3.250,
DEU,1994,2.679,,,2.679,,,3.250,
DEU,1995,2.679,,,2.679,,,3.125,
DEU,1996,2.679,,,2.679,,,3.125,
DEU,1997,2.679,,,2.679,,,2.500,
DEU,1998,2.679,2.949,,2.679,,3.625,2.000,
DEU,1999,2.679,2.949,,2.679,,3.625,2.000,
DEU,2000,2.679,2.949,,2.679,,3.625,2.000,
DEU,2001,2.679,2.949,,2.679,,3.625,2.000,
DEU,2002,2.679,2.949,,2.679,,3.625,2.000,
DEU,2003,2.679,2.949,,2.679,,3.625,1.500,
DEU,2004,2.869,3.085,,2.869,,3.625,1.000,
DEU,2005,2.869,3.085,,2.869,,3.625,1.000,
DEU,2006,2.869,3.085,,2.869,,3.625,1.000,
DEU,2007,2.869,3.085,,2.869,,3.625,1.000,
DEU,2008,2.869,3.085,2.978,2.869,2.719,3.625,1.000,1.542
DEU,2009,2.869,3.085,2.978,2.869,2.719,3.625,1.000,1.542
DEU,2010,2.869,3.085,2.978,2.869,2.719,3.625,1.000,1.542
DEU,2011,2.869,3.085,2.978,2.869,2.719,3.625,1.000,1.542
DEU,2012,2.869,3.085,2.978,2.869,2.719,3.625,1.000,1.542
DEU,2013,2.869,3.085,2.978,2.869,2.719,3.625,1.125,1.750
DNK,1985,2.183,,,2.183,,,3.125,
DNK,1986,2.183,,,2.183,,,3.125,
DNK,1987,2.183,,,2.183,,,3.125,
DNK,1988,2.183,,,2.183,,,3.125,
DNK,1989,2.183,,,2.183,,,3.125,
DNK,1990,2.183,,,2.183,,,3.125,
DNK,1991,2.183,,,2.183,,,3.125,
DNK,1992,2.183,,,2.183,,,3.125,
DNK,1993,2.183,,,2.183,,,3.125,
DNK,1994,2.183,,,2.183,,,3.125,
DNK,1995,2.135,,,2.135,,,1.375,
DNK,1996,2.135,,,2.135,,,1.375,
DNK,1997,2.135,,,2.135,,,1.375,
DNK,1998,2.135,2.561,,2.135,,3.625,1.375,
DNK,1999,2.135,2.561,,2.135,,3.625,1.375,
DNK,2000,2.135,2.561,,2.135,,3.625,1.375,
DNK,2001,2.135,2.561,,2.135,,3.625,1.375,
DNK,2002,2.135,2.561,,2.135,,3.625,1.375,
DNK,2003,2.135,2.561,,2.135,,3.625,1.375,
DNK,2004,2.135,2.561,,2.135,,3.625,1.375,
DNK,2005,2.135,2.561,,2.135,,3.625,1.375,
DNK,2006,2.135,2.346,,2.135,,2.875,1.375,
DNK,2007,2.135,2.346,,2.135,,2.875,1.375,
DNK,2008,2.135,2.346,2.275,2.135,2.035,2.875,1.375,1.792
DNK,2009,2.135,2.346,2.275,2.135,2.035,2.875,1.375,1.792
DNK,2010,2.135,2.346,2.275,2.135,2.035,2.875,1.375,1.792
DNK,2011,2.198,2.392,2.320,2.198,2.098,2.875,1.375,1.792
DNK,2012,2.198,2.392,2.320,2.198,2.098,2.875,1.375,1.792
DNK,2013,2.198,2.392,2.320,2.198,2.098,2.875,1.375,1.792
ESP,1985,3.548,,,3.548,,,3.750,
ESP,1986,3.548,,,3.548,,,3.750,
ESP,1987,3.548,,,3.548,,,3.750,
ESP,1988,3.548,,,3.548,,,3.750,
ESP,1989,3.548,,,3.548,,,3.750,
ESP,1990,3.548,,,3.548,,,3.750,
ESP,1991,3.548,,,3.548,,,3.750,
ESP,1992,3.548,,,3.548,,,3.750,
ESP,1993,3.548,,,3.548,,,3.750,
ESP,1994,3.548,,,3.548,,,3.750,
ESP,1995,2.357,,,2.357,,,3.250,
ESP,1996,2.357,,,2.357,,,3.250,
ESP,1997,2.357,,,2.357,,,3.250,
ESP,1998,2.357,2.755,,2.357,,3.750,3.250,
ESP,1999,2.357,2.755,,2.357,,3.750,3.250,
ESP,2000,2.357,2.755,,2.357,,3.750,3.250,
ESP,2001,2.357,2.755,,2.357,,3.750,3.250,
ESP,2002,2.357,2.755,,2.357,,3.750,3.250,
ESP,2003,2.357,2.755,,2.357,,3.750,3.250,
ESP,2004,2.357,2.755,,2.357,,3.750,3.250,
ESP,2005,2.357,2.755,,2.357,,3.750,3.250,
ESP,2006,2.357,2.755,,2.357,,3.750,3.250,
ESP,2007,2.357,2.755,,2.357,,3.750,3.000,
ESP,2008,2.357,2.755,2.660,2.357,2.224,3.750,3.000,3.500
ESP,2009,2.357,2.755,2.660,2.357,2.224,3.750,3.000,3.500
ESP,2010,2.357,2.755,2.660,2.357,2.224,3.750,3.000,3.500
ESP,2011,2.214,2.653,2.558,2.214,2.081,3.750,2.563,3.167
ESP,2012,2.214,2.653,2.558,2.214,2.081,3.750,2.688,3.292
ESP,2013,2.048,2.355,2.284,2.048,1.948,3.125,2.563,3.167
EST,1985,,,,,,,,
EST,1986,,,,,,,,
EST,1987,,,,,,,,
EST,1988,,,,,,,,
EST,1989,,,,,,,,
EST,1990,,,,,,,,
EST,1991,,,,,,,,
EST,1992,,,,,,,,
EST,1993,,,,,,,,
EST,1994,,,,,,,,
EST,1995,,,,,,,,
EST,1996,,,,,,,,
EST,1997,,,,,,,,
EST,1998,,,,,,,,
EST,1999,,,,,,,,
EST,2000,,,,,,,,
EST,2001,,,,,,,,
EST,2002,,,,,,,,
EST,2003,,,,,,,,
EST,2004,,,,,,,,
EST,2005,,,,,,,,
EST,2006,,,,,,,,
EST,2007,,,,,,,,
EST,2008,2.742,2.459,2.328,2.742,2.559,1.750,1.875,2.292
EST,2009,2.742,2.459,2.328,2.742,2.559,1.750,1.875,2.292
EST,2010,1.810,2.114,2.066,1.810,1.743,2.875,1.875,2.292
EST,2011,1.810,2.114,2.066,1.810,1.743,2.875,1.875,2.292
EST,2012,1.810,2.114,2.066,1.810,1.743,2.875,1.875,2.292
EST,2013,1.810,2.114,2.066,1.810,1.743,2.875,3.000,3.042
FIN,1985,2.786,,,2.786,,,1.250,
FIN,1986,2.786,,,2.786,,,1.250,
FIN,1987,2.786,,,2.786,,,1.250,
FIN,1988,2.786,,,2.786,,,1.250,
FIN,1989,2.786,,,2.786,,,1.250,
FIN,1990,2.786,,,2.786,,,1.250,
FIN,1991,2.786,,,2.786,,,1.250,
FIN,1992,2.452,,,2.452,,,1.250,
FIN,1993,2.452,,,2.452,,,1.250,
FIN,1994,2.452,,,2.452,,,1.250,
FIN,1995,2.452,,,2.452,,,1.250,
FIN,1996,2.452,,,2.452,,,1.250,
FIN,1997,2.310,,,2.310,,,1.250,
FIN,1998,2.310,2.185,,2.310,,1.875,1.563,
FIN,1999,2.310,2.185,,2.310,,1.875,1.563,
FIN,2000,2.310,2.185,,2.310,,1.875,1.563,
FIN,2001,2.310,2.185,,2.310,,1.875,1.563,
FIN,2002,2.167,2.083,,2.167,,1.875,1.563,
FIN,2003,2.167,2.083,,2.167,,1.875,1.563,
FIN,2004,2.167,2.083,,2.167,,1.875,1.563,
FIN,2005,2.167,2.083,,2.167,,1.875,1.563,
FIN,2006,2.167,2.083,,2.167,,1.875,1.563,
FIN,2007,2.167,2.083,,2.167,,1.875,1.563,
FIN,2008,2.167,2.012,2.167,2.167,2.383,1.625,1.563,1.875
FIN,2009,2.167,2.012,2.167,2.167,2.383,1.625,1.563,1.875
FIN,2010,2.167,2.012,2.167,2.167,2.383,1.625,1.563,1.875
FIN,2011,2.167,2.012,2.167,2.167,2.383,1.625,1.563,1.875
FIN,2012,2.167,2.012,2.167,2.167,2.383,1.625,1.563,1.875
FIN,2013,2.167,2.012,2.167,2.167,2.383,1.625,1.563,1.875
FRA,1985,2.591,,,2.591,,,3.063,
FRA,1986,2.591,,,2.591,,,3.063,
FRA,1987,2.341,,,2.341,,,3.063,
FRA,1988,2.341,,,2.341,,,3.063,
FRA,1989,2.341,,,2.341,,,3.063,
FRA,1990,2.341,,,2.341,,,3.063,
FRA,1991,2.341,,,2.341,,,3.625,
FRA,1992,2.341,,,2.341,,,3.625,
FRA,1993,2.341,,,2.341,,,3.625,
FRA,1994,2.341,,,2.341,,,3.625,
FRA,1995,2.341,,,2.341,,,3.625,
FRA,1996,2.341,,,2.341,,,3.625,
FRA,1997,2.341,,,2.341,,,3.625,
FRA,1998,2.341,2.637,,2.341,,3.375,3.625,
FRA,1999,2.341,2.637,,2.341,,3.375,3.625,
FRA,2000,2.341,2.637,,2.341,,3.375,3.625,
FRA,2001,2.341,2.637,,2.341,,3.375,3.625,
FRA,2002,2.341,2.637,,2.341,,3.375,3.625,
FRA,2003,2.468,2.727,,2.468,,3.375,3.625,
FRA,2004,2.468,2.727,,2.468,,3.375,3.625,
FRA,2005,2.468,2.727,,2.468,,3.375,3.625,
FRA,2006,2.468,2.727,,2.468,,3.375,3.625,
FRA,2007,2.468,2.727,,2.468,,3.375,3.625,
FRA,2008,2.468,2.727,2.870,2.468,2.668,3.375,3.625,3.750
FRA,2009,2.385,2.668,2.823,2.385,2.602,3.375,3.625,3.750
FRA,2010,2.385,2.668,2.823,2.385,2.602,3.375,3.625,3.750
FRA,2011,2.385,2.668,2.823,2.385,2.602,3.375,3.625,3.750
FRA,2012,2.385,2.668,2.823,2.385,2.602,3.375,3.625,3.750
FRA,2013,2.385,2.668,2.823,2.385,2.602,3.375,3.625,3.750
GBR,1985,1.032,,,1.032,,,0.250,
GBR,1986,1.032,,,1.032,,,0.250,
GBR,1987,1.032,,,1.032,,,0.250,
GBR,1988,1.032,,,1.032,,,0.250,
GBR,1989,1.032,,,1.032,,,0.250,
GBR,1990,1.032,,,1.032,,,0.250,
GBR,1991,1.032,,,1.032,,,0.250,
GBR,1992,1.032,,,1.032,,,0.250,
GBR,1993,1.032,,,1.032,,,0.250,
GBR,1994,1.032,,,1.032,,,0.250,
GBR,1995,1.032,,,1.032,,,0.250,
GBR,1996,1.032,,,1.032,,,0.250,
GBR,1997,1.032,,,1.032,,,0.250,
GBR,1998,1.032,1.558,,1.032,,2.875,0.250,
GBR,1999,1.032,1.558,,1.032,,2.875,0.250,
GBR,2000,1.198,1.677,,1.198,,2.875,0.250,
GBR,2001,1.198,1.677,,1.198,,2.875,0.250,
GBR,2002,1.198,1.677,,1.198,,2.875,0.250,
GBR,2003,1.198,1.677,,1.198,,2.875,0.375,
GBR,2004,1.198,1.677,,1.198,,2.875,0.375,
GBR,2005,1.198,1.677,,1.198,,2.875,0.375,
GBR,2006,1.198,1.677,,1.198,,2.875,0.375,
GBR,2007,1.198,1.677,,1.198,,2.875,0.375,
GBR,2008,1.198,1.677,1.713,1.198,1.248,2.875,0.375,0.417
GBR,2009,1.198,1.677,1.713,1.198,1.248,2.875,0.375,0.417
GBR,2010,1.198,1.677,1.713,1.198,1.248,2.875,0.375,0.417
GBR,2011,1.198,1.677,1.713,1.198,1.248,2.875,0.375,0.417
GBR,2012,1.198,1.677,1.713,1.198,1.248,2.875,0.375,0.542
GBR,2013,1.032,1.558,1.618,1.032,1.115,2.875,0.375,0.542
GBR,1-May-13,1.032,1.487,1.546,1.032,1.115,2.625,0.375,0.542
GRC,1985,2.849,,,2.849,,,4.750,
GRC,1986,2.849,,,2.849,,,4.750,
GRC,1987,2.849,,,2.849,,,4.750,
GRC,1988,2.849,,,2.849,,,4.750,
GRC,1989,2.849,,,2.849,,,4.750,
GRC,1990,2.802,,,2.802,,,4.750,
GRC,1991,2.802,,,2.802,,,4.750,
GRC,1992,2.802,,,2.802,,,4.750,
GRC,1993,2.802,,,2.802,,,4.750,
GRC,1994,2.802,,,2.802,,,4.750,
GRC,1995,2.802,,,2.802,,,4.750,
GRC,1996,2.802,,,2.802,,,4.750,
GRC,1997,2.802,,,2.802,,,4.750,
GRC,1998,2.802,2.930,,2.802,,3.250,4.750,
GRC,1999,2.802,2.930,,2.802,,3.250,4.750,
GRC,2000,2.802,2.930,,2.802,,3.250,4.750,
GRC,2001,2.802,2.930,,2.802,,3.250,4.750,
GRC,2002,2.802,2.930,,2.802,,3.250,4.750,
GRC,2003,2.802,2.930,,2.802,,3.250,4.750,
GRC,2004,2.802,2.930,,2.802,,3.250,2.750,
GRC,2005,2.802,2.930,,2.802,,3.250,2.750,
GRC,2006,2.802,2.930,,2.802,,3.250,2.750,
GRC,2007,2.802,2.930,,2.802,,3.250,2.750,
GRC,2008,2.802,2.930,2.850,2.802,2.690,3.250,2.750,3.167
GRC,2009,2.802,2.930,2.850,2.802,2.690,3.250,2.750,3.167
GRC,2010,2.802,2.930,2.850,2.802,2.690,3.250,2.750,3.167
GRC,2011,2.167,2.476,2.444,2.167,2.122,3.250,2.500,3.250
GRC,2012,2.167,2.476,2.444,2.167,2.122,3.250,2.250,2.917
GRC,2013,2.119,2.442,2.410,2.119,2.075,3.250,2.250,2.917
HUN,1985,,,,,,,,
HUN,1986,,,,,,,,
HUN,1987,,,,,,,,
HUN,1988,,,,,,,,
HUN,1989,,,,,,,,
HUN,1990,2.004,,,2.004,,,0.625,
HUN,1991,2.004,,,2.004,,,0.625,
HUN,1992,2.004,,,2.004,,,0.625,
HUN,1993,2.004,,,2.004,,,0.625,
HUN,1994,2.004,,,2.004,,,0.625,
HUN,1995,2.004,,,2.004,,,0.625,
HUN,1996,2.004,,,2.004,,,0.625,
HUN,1997,2.004,,,2.004,,,0.625,
HUN,1998,2.004,2.396,,2.004,,3.375,0.625,
HUN,1999,2.004,2.396,,2.004,,3.375,0.625,
HUN,2000,2.004,2.396,,2.004,,3.375,0.625,
HUN,2001,2.004,2.396,,2.004,,3.375,0.625,
HUN,2002,2.004,2.396,,2.004,,3.375,0.625,
HUN,2003,2.004,2.396,,2.004,,3.375,0.625,
HUN,2004,2.004,2.396,,2.004,,3.375,1.125,
HUN,2005,2.004,2.396,,2.004,,3.375,1.125,
HUN,2006,2.004,2.396,,2.004,,3.375,1.125,
HUN,2007,2.004,2.396,,2.004,,3.375,1.125,
HUN,2008,2.004,2.396,2.265,2.004,1.821,3.375,1.125,1.917
HUN,2009,2.004,2.396,2.265,2.004,1.821,3.375,1.125,1.917
HUN,2010,2.004,2.396,2.265,2.004,1.821,3.375,1.125,1.917
HUN,2011,2.004,2.396,2.265,2.004,1.821,3.375,1.125,1.917
HUN,2012,2.004,2.396,2.265,2.004,1.821,3.375,1.250,2.000
HUN,2013,1.587,2.170,2.074,1.587,1.454,3.625,1.250,2.000
IDN,1985,,,,,,,,
IDN,1986,,,,,,,,
IDN,1987,,,,,,,,
IDN,1988,,,,,,,,
IDN,1989,,,,,,,,
IDN,1990,,,,,,,,
IDN,1991,,,,,,,,
IDN,1992,,,,,,,,
IDN,1993,,,,,,,,
IDN,1994,,,,,,,,
IDN,1995,,,,,,,,
IDN,1996,,,,,,,,
IDN,1997,,,,,,,,
IDN,1998,,,,,,,,
IDN,1999,,,,,,,,
IDN,2000,,,,,,,,
IDN,2001,,,,,,,,
IDN,2002,,,,,,,,
IDN,2003,,,,,,,,
IDN,2004,,,,,,,,
IDN,2005,,,,,,,,
IDN,2006,,,,,,,,
IDN,2007,,,,,,,,
IDN,2008,4.075,2.911,2.947,4.075,4.125,0.000,2.750,2.958
IDN,2009,4.075,2.911,2.947,4.075,4.125,0.000,2.750,2.958
IDN,2010,4.075,2.911,2.947,4.075,4.125,0.000,2.750,2.958
IDN,2011,4.075,2.911,2.947,4.075,4.125,0.000,2.750,2.958
IDN,2012,4.075,2.911,2.947,4.075,4.125,0.000,2.750,2.958
IDN,2013,,,,,,,,
IND,1985,,,,,,,,
IND,1986,,,,,,,,
IND,1987,,,,,,,,
IND,1988,,,,,,,,
IND,1989,,,,,,,,
IND,1990,,,,,,,,
IND,1991,,,,,,,,
IND,1992,,,,,,,,
IND,1993,,,,,,,,
IND,1994,,,,,,,,
IND,1995,,,,,,,,
IND,1996,,,,,,,,
IND,1997,,,,,,,,
IND,1998,,,,,,,,
IND,1999,,,,,,,,
IND,2000,,,,,,,,
IND,2001,,,,,,,,
IND,2002,,,,,,,,
IND,2003,,,,,,,,
IND,2004,,,,,,,,
IND,2005,,,,,,,,
IND,2006,,,,,,,,
IND,2007,,,,,,,,
IND,2008,3.286,2.472,2.615,3.286,3.486,0.438,1.813,2.542
IND,2009,3.286,2.472,2.615,3.286,3.486,0.438,1.813,2.542
IND,2010,3.286,2.472,2.615,3.286,3.486,0.438,1.813,2.542
IND,2011,3.286,2.472,2.615,3.286,3.486,0.438,1.813,2.542
IND,2012,3.286,2.472,2.615,3.286,3.486,0.438,1.813,2.542
IND,2013,,,,,,,,
IRL,1985,1.437,,,1.437,,,0.250,
IRL,1986,1.437,,,1.437,,,0.250,
IRL,1987,1.437,,,1.437,,,0.250,
IRL,1988,1.437,,,1.437,,,0.250,
IRL,1989,1.437,,,1.437,,,0.250,
IRL,1990,1.437,,,1.437,,,0.250,
IRL,1991,1.437,,,1.437,,,0.250,
IRL,1992,1.437,,,1.437,,,0.250,
IRL,1993,1.437,,,1.437,,,0.250,
IRL,1994,1.437,,,1.437,,,0.250,
IRL,1995,1.437,,,1.437,,,0.250,
IRL,1996,1.437,,,1.437,,,0.250,
IRL,1997,1.437,,,1.437,,,0.250,
IRL,1998,1.437,1.812,,1.437,,2.750,0.250,
IRL,1999,1.437,1.812,,1.437,,2.750,0.250,
IRL,2000,1.437,1.812,,1.437,,2.750,0.250,
IRL,2001,1.437,1.812,,1.437,,2.750,0.250,
IRL,2002,1.437,1.812,,1.437,,2.750,0.250,
IRL,2003,1.437,1.812,,1.437,,2.750,0.250,
IRL,2004,1.437,1.812,,1.437,,2.750,0.625,
IRL,2005,1.437,1.812,,1.437,,2.750,0.625,
IRL,2006,1.270,1.907,,1.270,,3.500,0.625,
IRL,2007,1.270,1.907,,1.270,,3.500,0.625,
IRL,2008,1.270,1.907,1.978,1.270,1.370,3.500,0.625,0.708
IRL,2009,1.270,1.907,1.978,1.270,1.370,3.500,0.625,0.708
IRL,2010,1.270,1.907,1.978,1.270,1.370,3.500,0.625,0.708
IRL,2011,1.270,1.907,1.978,1.270,1.370,3.500,0.625,0.708
IRL,2012,1.397,1.998,2.069,1.397,1.497,3.500,0.625,1.208
IRL,2013,1.397,1.998,2.069,1.397,1.497,3.500,0.625,1.208
ISL,1985,,,,,,,,
ISL,1986,,,,,,,,
ISL,1987,,,,,,,,
ISL,1988,,,,,,,,
ISL,1989,,,,,,,,
ISL,1990,,,,,,,,
ISL,1991,,,,,,,,
ISL,1992,,,,,,,,
ISL,1993,,,,,,,,
ISL,1994,,,,,,,,
ISL,1995,,,,,,,,
ISL,1996,,,,,,,,
ISL,1997,,,,,,,,
ISL,1998,,,,,,,,
ISL,1999,,,,,,,,
ISL,2000,,,,,,,,
ISL,2001,,,,,,,,
ISL,2002,,,,,,,,
ISL,2003,,,,,,,,
ISL,2004,,,,,,,,
ISL,2005,,,,,,,,
ISL,2006,,,,,,,,
ISL,2007,,,,,,,,
ISL,2008,1.730,2.236,2.458,1.730,2.041,3.500,0.625,1.292
ISL,2009,1.730,2.236,2.458,1.730,2.041,3.500,0.625,1.292
ISL,2010,1.730,2.236,2.458,1.730,2.041,3.500,0.625,1.292
ISL,2011,1.730,2.236,2.458,1.730,2.041,3.500,0.625,1.292
ISL,2012,1.730,2.236,2.458,1.730,2.041,3.500,0.625,1.292
ISL,2013,1.730,2.236,2.458,1.730,2.041,3.500,0.625,1.292
ISR,1985,,,,,,,,
ISR,1986,,,,,,,,
ISR,1987,,,,,,,,
ISR,1988,,,,,,,,
ISR,1989,,,,,,,,
ISR,1990,,,,,,,,
ISR,1991,,,,,,,,
ISR,1992,,,,,,,,
ISR,1993,,,,,,,,
ISR,1994,,,,,,,,
ISR,1995,,,,,,,,
ISR,1996,,,,,,,,
ISR,1997,,,,,,,,
ISR,1998,,,,,,,,
ISR,1999,,,,,,,,
ISR,2000,,,,,,,,
ISR,2001,,,,,,,,
ISR,2002,,,,,,,,
ISR,2003,,,,,,,,
ISR,2004,,,,,,,,
ISR,2005,,,,,,,,
ISR,2006,,,,,,,,
ISR,2007,,,,,,,,
ISR,2008,2.036,1.990,2.216,2.036,2.352,1.875,0.875,1.583
ISR,2009,2.036,1.990,2.216,2.036,2.352,1.875,0.875,1.583
ISR,2010,2.036,1.990,2.216,2.036,2.352,1.875,0.875,1.583
ISR,2011,2.036,1.990,2.216,2.036,2.352,1.875,0.875,1.583
ISR,2012,2.036,1.990,2.216,2.036,2.352,1.875,0.875,1.583
ISR,2013,2.036,1.990,2.216,2.036,2.352,1.875,0.875,1.583
ITA,1985,2.762,,,2.762,,,5.250,
ITA,1986,2.762,,,2.762,,,5.250,
ITA,1987,2.762,,,2.762,,,5.250,
ITA,1988,2.762,,,2.762,,,4.875,
ITA,1989,2.762,,,2.762,,,4.875,
ITA,1990,2.762,,,2.762,,,4.875,
ITA,1991,2.762,,,2.762,,,4.875,
ITA,1992,2.762,,,2.762,,,4.750,
ITA,1993,2.762,,,2.762,,,4.750,
ITA,1994,2.762,,,2.762,,,4.750,
ITA,1995,2.762,,,2.762,,,4.750,
ITA,1996,2.762,,,2.762,,,4.750,
ITA,1997,2.762,,,2.762,,,4.750,
ITA,1998,2.762,3.151,,2.762,,4.125,3.625,
ITA,1999,2.762,3.151,,2.762,,4.125,3.625,
ITA,2000,2.762,3.151,,2.762,,4.125,3.250,
ITA,2001,2.762,3.151,,2.762,,4.125,3.250,
ITA,2002,2.762,3.151,,2.762,,4.125,2.375,
ITA,2003,2.762,3.151,,2.762,,4.125,2.000,
ITA,2004,2.762,3.151,,2.762,,4.125,2.000,
ITA,2005,2.762,3.151,,2.762,,4.125,2.000,
ITA,2006,2.762,3.151,,2.762,,4.125,2.000,
ITA,2007,2.762,3.151,,2.762,,4.125,2.000,
ITA,2008,2.762,3.151,3.032,2.762,2.595,4.125,2.000,2.708
ITA,2009,2.762,3.151,3.032,2.762,2.595,4.125,2.000,2.708
ITA,2010,2.762,3.151,3.032,2.762,2.595,4.125,2.000,2.708
ITA,2011,2.762,3.151,3.032,2.762,2.595,4.125,2.000,2.708
ITA,2012,2.762,3.151,3.032,2.762,2.595,4.125,2.000,2.708
ITA,2013,2.512,2.866,2.794,2.512,2.412,3.750,2.000,2.708
JPN,1985,1.702,,,1.702,,,1.688,
JPN,1986,1.702,,,1.702,,,1.688,
JPN,1987,1.702,,,1.702,,,1.688,
JPN,1988,1.702,,,1.702,,,1.688,
JPN,1989,1.702,,,1.702,,,1.688,
JPN,1990,1.702,,,1.702,,,1.688,
JPN,1991,1.702,,,1.702,,,1.688,
JPN,1992,1.702,,,1.702,,,1.688,
JPN,1993,1.702,,,1.702,,,1.688,
JPN,1994,1.702,,,1.702,,,1.688,
JPN,1995,1.702,,,1.702,,,1.688,
JPN,1996,1.702,,,1.702,,,1.688,
JPN,1997,1.702,,,1.702,,,1.500,
JPN,1998,1.702,2.145,,1.702,,3.250,1.500,
JPN,1999,1.702,2.145,,1.702,,3.250,1.500,
JPN,2000,1.702,2.145,,1.702,,3.250,0.875,
JPN,2001,1.702,2.145,,1.702,,3.250,0.875,
JPN,2002,1.702,2.145,,1.702,,3.250,0.875,
JPN,2003,1.702,2.145,,1.702,,3.250,0.875,
JPN,2004,1.702,2.145,,1.702,,3.250,0.875,
JPN,2005,1.702,2.145,,1.702,,3.250,0.875,
JPN,2006,1.702,2.145,,1.702,,3.250,0.875,
JPN,2007,1.369,1.906,,1.369,,3.250,0.875,
JPN,2008,1.369,1.906,2.085,1.369,1.619,3.250,0.875,1.250
JPN,2009,1.369,1.906,2.085,1.369,1.619,3.250,0.875,1.250
JPN,2010,1.369,1.906,2.085,1.369,1.619,3.250,0.875,1.250
JPN,2011,1.369,1.906,2.085,1.369,1.619,3.250,0.875,1.250
JPN,2012,1.369,1.906,2.085,1.369,1.619,3.250,0.875,1.250
JPN,2013,1.369,1.906,2.085,1.369,1.619,3.250,0.875,1.250
KOR,1985,,,,,,,,
KOR,1986,,,,,,,,
KOR,1987,,,,,,,,
KOR,1988,,,,,,,,
KOR,1989,,,,,,,,
KOR,1990,3.036,,,3.036,,,3.125,
KOR,1991,3.036,,,3.036,,,3.125,
KOR,1992,3.036,,,3.036,,,3.125,
KOR,1993,3.036,,,3.036,,,3.125,
KOR,1994,3.036,,,3.036,,,3.125,
KOR,1995,3.036,,,3.036,,,3.125,
KOR,1996,3.036,,,3.036,,,3.125,
KOR,1997,3.036,,,3.036,,,3.125,
KOR,1998,2.369,2.228,,2.369,,1.875,3.125,
KOR,1999,2.369,2.228,,2.369,,1.875,2.125,
KOR,2000,2.369,2.228,,2.369,,1.875,2.125,
KOR,2001,2.369,2.228,,2.369,,1.875,2.125,
KOR,2002,2.369,2.228,,2.369,,1.875,2.125,
KOR,2003,2.369,2.228,,2.369,,1.875,2.125,
KOR,2004,2.369,2.228,,2.369,,1.875,2.125,
KOR,2005,2.369,2.228,,2.369,,1.875,2.125,
KOR,2006,2.369,2.228,,2.369,,1.875,2.125,
KOR,2007,2.369,2.228,,2.369,,1.875,2.125,
KOR,2008,2.369,2.228,2.168,2.369,2.286,1.875,2.125,2.542
KOR,2009,2.369,2.228,2.168,2.369,2.286,1.875,2.125,2.542
KOR,2010,2.369,2.228,2.168,2.369,2.286,1.875,2.125,2.542
KOR,2011,2.369,2.228,2.168,2.369,2.286,1.875,2.125,2.542
KOR,2012,2.369,2.228,2.168,2.369,2.286,1.875,2.125,2.542
KOR,2013,2.369,2.228,2.168,2.369,2.286,1.875,2.125,2.542
LUX,1985,,,,,,,,
LUX,1986,,,,,,,,
LUX,1987,,,,,,,,
LUX,1988,,,,,,,,
LUX,1989,,,,,,,,
LUX,1990,,,,,,,,
LUX,1991,,,,,,,,
LUX,1992,,,,,,,,
LUX,1993,,,,,,,,
LUX,1994,,,,,,,,
LUX,1995,,,,,,,,
LUX,1996,,,,,,,,
LUX,1997,,,,,,,,
LUX,1998,,,,,,,,
LUX,1999,,,,,,,,
LUX,2000,,,,,,,,
LUX,2001,,,,,,,,
LUX,2002,,,,,,,,
LUX,2003,,,,,,,,
LUX,2004,,,,,,,,
LUX,2005,,,,,,,,
LUX,2006,,,,,,,,
LUX,2007,,,,,,,,
LUX,2008,2.246,2.711,2.735,2.246,2.279,3.875,3.750,3.833
LUX,2009,2.246,2.711,2.735,2.246,2.279,3.875,3.750,3.833
LUX,2010,2.246,2.711,2.735,2.246,2.279,3.875,3.750,3.833
LUX,2011,2.246,2.711,2.735,2.246,2.279,3.875,3.750,3.833
LUX,2012,2.246,2.711,2.735,2.246,2.279,3.875,3.750,3.833
LUX,2013,2.246,2.711,2.735,2.246,2.279,3.875,3.750,3.833
LVA,1985,,,,,,,,
LVA,1986,,,,,,,,
LVA,1987,,,,,,,,
LVA,1988,,,,,,,,
LVA,1989,,,,,,,,
LVA,1990,,,,,,,,
LVA,1991,,,,,,,,
LVA,1992,,,,,,,,
LVA,1993,,,,,,,,
LVA,1994,,,,,,,,
LVA,1995,,,,,,,,
LVA,1996,,,,,,,,
LVA,1997,,,,,,,,
LVA,1998,,,,,,,,
LVA,1999,,,,,,,,
LVA,2000,,,,,,,,
LVA,2001,,,,,,,,
LVA,2002,,,,,,,,
LVA,2003,,,,,,,,
LVA,2004,,,,,,,,
LVA,2005,,,,,,,,
LVA,2006,,,,,,,,
LVA,2007,,,,,,,,
LVA,2008,,,,,,,,
LVA,2009,,,,,,,,
LVA,2010,,,,,,,,
LVA,2011,,,,,,,,
LVA,2012,2.687,2.990,2.907,2.687,2.570,3.750,0.875,1.792
LVA,2013,2.687,2.990,2.907,2.687,2.570,3.750,0.875,1.792
MEX,1985,,,,,,,,
MEX,1986,,,,,,,,
MEX,1987,,,,,,,,
MEX,1988,,,,,,,,
MEX,1989,,,,,,,,
MEX,1990,2.194,,,2.194,,,4.000,
MEX,1991,2.194,,,2.194,,,4.000,
MEX,1992,2.194,,,2.194,,,4.000,
MEX,1993,2.194,,,2.194,,,4.000,
MEX,1994,2.194,,,2.194,,,4.000,
MEX,1995,2.194,,,2.194,,,4.000,
MEX,1996,2.194,,,2.194,,,4.000,
MEX,1997,2.194,,,2.194,,,4.000,
MEX,1998,2.194,2.817,,2.194,,4.375,4.000,
MEX,1999,2.194,2.817,,2.194,,4.375,4.000,
MEX,2000,2.194,2.817,,2.194,,4.375,4.000,
MEX,2001,2.194,2.817,,2.194,,4.375,4.000,
MEX,2002,2.194,2.817,,2.194,,4.375,4.000,
MEX,2003,2.194,2.817,,2.194,,4.375,4.000,
MEX,2004,2.194,2.817,,2.194,,4.375,4.000,
MEX,2005,2.194,2.817,,2.194,,4.375,4.000,
MEX,2006,2.194,2.817,,2.194,,4.375,4.000,
MEX,2007,2.194,2.817,,2.194,,4.375,4.000,
MEX,2008,2.194,2.817,2.710,2.194,2.044,4.375,4.000,4.083
MEX,2009,2.194,2.817,2.710,2.194,2.044,4.375,4.000,4.083
MEX,2010,2.194,2.817,2.710,2.194,2.044,4.375,4.000,4.083
MEX,2011,2.194,2.817,2.710,2.194,2.044,4.375,4.000,4.083
MEX,2012,2.194,2.817,2.710,2.194,2.044,4.375,4.000,4.083
MEX,2013,2.028,2.698,2.615,2.028,1.911,4.375,2.063,2.292
NLD,1985,3.068,,,3.068,,,1.375,
NLD,1986,3.056,,,3.056,,,1.375,
NLD,1987,3.045,,,3.045,,,1.375,
NLD,1988,3.051,,,3.051,,,1.375,
NLD,1989,3.039,,,3.039,,,1.375,
NLD,1990,3.043,,,3.043,,,1.375,
NLD,1991,3.033,,,3.033,,,1.375,
NLD,1992,3.021,,,3.021,,,1.375,
NLD,1993,3.073,,,3.073,,,1.375,
NLD,1994,2.897,,,2.897,,,1.375,
NLD,1995,2.837,,,2.837,,,1.375,
NLD,1996,2.837,,,2.837,,,1.375,
NLD,1997,2.837,,,2.837,,,1.375,
NLD,1998,2.837,2.884,,2.837,,3.000,1.375,
NLD,1999,2.885,2.918,,2.885,,3.000,0.938,
NLD,2000,2.885,2.918,,2.885,,3.000,0.938,
NLD,2001,2.885,2.918,,2.885,,3.000,0.938,
NLD,2002,2.885,2.918,,2.885,,3.000,0.938,
NLD,2003,2.885,2.918,,2.885,,3.000,0.938,
NLD,2004,2.885,2.918,,2.885,,3.000,0.938,
NLD,2005,2.885,2.918,,2.885,,3.000,0.938,
NLD,2006,2.885,2.918,,2.885,,3.000,0.938,
NLD,2007,2.885,2.918,,2.885,,3.000,0.938,
NLD,2008,2.885,2.918,2.930,2.885,2.902,3.000,0.938,1.167
NLD,2009,2.821,2.872,2.884,2.821,2.838,3.000,0.938,1.167
NLD,2010,2.821,2.872,2.884,2.821,2.838,3.000,0.938,1.167
NLD,2011,2.821,2.872,2.884,2.821,2.838,3.000,0.938,1.167
NLD,2012,2.821,2.872,2.884,2.821,2.838,3.000,0.938,1.167
NLD,2013,2.821,2.926,2.938,2.821,2.838,3.188,0.938,1.167
NOR,1985,2.333,,,2.333,,,3.125,
NOR,1986,2.333,,,2.333,,,3.125,
NOR,1987,2.333,,,2.333,,,3.125,
NOR,1988,2.333,,,2.333,,,3.125,
NOR,1989,2.333,,,2.333,,,3.125,
NOR,1990,2.333,,,2.333,,,3.125,
NOR,1991,2.333,,,2.333,,,3.125,
NOR,1992,2.333,,,2.333,,,3.125,
NOR,1993,2.333,,,2.333,,,3.125,
NOR,1994,2.333,,,2.333,,,3.125,
NOR,1995,2.333,,,2.333,,,3.125,
NOR,1996,2.333,,,2.333,,,3.188,
NOR,1997,2.333,,,2.333,,,3.188,
NOR,1998,2.333,2.381,,2.333,,2.500,3.188,
NOR,1999,2.333,2.381,,2.333,,2.500,3.188,
NOR,2000,2.333,2.381,,2.333,,2.500,3.000,
NOR,2001,2.333,2.381,,2.333,,2.500,2.750,
NOR,2002,2.333,2.381,,2.333,,2.500,2.750,
NOR,2003,2.333,2.381,,2.333,,2.500,2.750,
NOR,2004,2.333,2.381,,2.333,,2.500,2.750,
NOR,2005,2.333,2.381,,2.333,,2.500,2.750,
NOR,2006,2.333,2.381,,2.333,,2.500,3.000,
NOR,2007,2.333,2.381,,2.333,,2.500,3.000,
NOR,2008,2.333,2.381,2.310,2.333,2.233,2.500,3.000,3.042
NOR,2009,2.333,2.381,2.310,2.333,2.233,2.500,3.000,3.042
NOR,2010,2.333,2.381,2.310,2.333,2.233,2.500,3.000,3.042
NOR,2011,2.333,2.381,2.310,2.333,2.233,2.500,3.000,3.042
NOR,2012,2.333,2.381,2.310,2.333,2.233,2.500,3.000,3.042
NOR,2013,2.333,2.381,2.310,2.333,2.233,2.500,3.000,3.417
NZL,1985,,,,,,,,
NZL,1986,,,,,,,,
NZL,1987,,,,,,,,
NZL,1988,,,,,,,,
NZL,1989,,,,,,,,
NZL,1990,1.243,,,1.243,,,0.375,
NZL,1991,1.243,,,1.243,,,0.375,
NZL,1992,1.243,,,1.243,,,0.375,
NZL,1993,1.243,,,1.243,,,0.375,
NZL,1994,1.243,,,1.243,,,0.375,
NZL,1995,1.243,,,1.243,,,0.375,
NZL,1996,1.243,,,1.243,,,0.375,
NZL,1997,1.243,,,1.243,,,0.375,
NZL,1998,1.243,0.888,,1.243,,0.000,0.375,
NZL,1999,1.243,0.888,,1.243,,0.000,0.375,
NZL,2000,1.243,0.888,,1.243,,0.000,0.375,
NZL,2001,1.560,1.114,,1.560,,0.000,1.000,
NZL,2002,1.560,1.114,,1.560,,0.000,1.000,
NZL,2003,1.560,1.114,,1.560,,0.000,1.000,
NZL,2004,1.560,1.114,,1.560,,0.000,1.000,
NZL,2005,1.560,1.114,,1.560,,0.000,1.000,
NZL,2006,1.560,1.114,,1.560,,0.000,1.000,
NZL,2007,1.560,1.114,,1.560,,0.000,1.000,
NZL,2008,1.560,1.114,1.102,1.560,1.543,0.000,1.000,0.917
NZL,2009,1.560,1.114,1.102,1.560,1.543,0.000,1.000,0.917
NZL,2010,1.560,1.114,1.102,1.560,1.543,0.000,1.000,0.917
NZL,2011,1.560,1.114,1.102,1.560,1.543,0.000,1.000,0.917
NZL,2012,1.393,0.995,1.007,1.393,1.410,0.000,1.000,0.917
NZL,2013,1.393,0.995,1.007,1.393,1.410,0.000,1.000,0.917
POL,1985,,,,,,,,
POL,1986,,,,,,,,
POL,1987,,,,,,,,
POL,1988,,,,,,,,
POL,1989,,,,,,,,
POL,1990,2.230,,,2.230,,,0.750,
POL,1991,2.230,,,2.230,,,0.750,
POL,1992,2.230,,,2.230,,,0.750,
POL,1993,2.230,,,2.230,,,0.750,
POL,1994,2.230,,,2.230,,,0.750,
POL,1995,2.230,,,2.230,,,0.750,
POL,1996,2.230,,,2.230,,,0.750,
POL,1997,2.230,,,2.230,,,0.750,
POL,1998,2.230,2.557,,2.230,,3.375,0.750,
POL,1999,2.230,2.557,,2.230,,3.375,0.750,
POL,2000,2.230,2.557,,2.230,,3.375,0.750,
POL,2001,2.230,2.557,,2.230,,3.375,0.750,
POL,2002,2.230,2.557,,2.230,,3.375,0.750,
POL,2003,2.230,2.557,,2.230,,3.375,0.250,
POL,2004,2.230,2.414,,2.230,,2.875,1.750,
POL,2005,2.230,2.414,,2.230,,2.875,1.750,
POL,2006,2.230,2.414,,2.230,,2.875,1.750,
POL,2007,2.230,2.414,,2.230,,2.875,1.750,
POL,2008,2.230,2.414,2.391,2.230,2.197,2.875,1.750,2.333
POL,2009,2.230,2.414,2.391,2.230,2.197,2.875,1.750,2.333
POL,2010,2.230,2.414,2.391,2.230,2.197,2.875,1.750,2.333
POL,2011,2.230,2.414,2.391,2.230,2.197,2.875,1.750,2.333
POL,2012,2.230,2.414,2.391,2.230,2.197,2.875,1.750,2.333
POL,2013,2.230,2.414,2.391,2.230,2.197,2.875,1.750,2.333
PRT,1985,5.000,,,5.000,,,3.375,
PRT,1986,5.000,,,5.000,,,3.375,
PRT,1987,5.000,,,5.000,,,3.375,
PRT,1988,5.000,,,5.000,,,3.375,
PRT,1989,5.000,,,5.000,,,3.375,
PRT,1990,4.833,,,4.833,,,3.375,
PRT,1991,4.833,,,4.833,,,3.375,
PRT,1992,4.583,,,4.583,,,3.375,
PRT,1993,4.583,,,4.583,,,3.375,
PRT,1994,4.583,,,4.583,,,3.375,
PRT,1995,4.583,,,4.583,,,3.375,
PRT,1996,4.583,,,4.583,,,3.375,
PRT,1997,4.583,,,4.583,,,2.813,
PRT,1998,4.583,4.095,,4.583,,2.875,2.813,
PRT,1999,4.583,4.095,,4.583,,2.875,2.813,
PRT,2000,4.583,4.095,,4.583,,2.875,2.813,
PRT,2001,4.583,4.095,,4.583,,2.875,2.813,
PRT,2002,4.583,4.095,,4.583,,2.875,2.813,
PRT,2003,4.583,4.095,,4.583,,2.875,2.813,
PRT,2004,4.417,3.976,,4.417,,2.875,2.563,
PRT,2005,4.417,3.976,,4.417,,2.875,2.563,
PRT,2006,4.417,3.976,,4.417,,2.875,2.563,
PRT,2007,4.417,3.976,,4.417,,2.875,2.563,
PRT,2008,4.417,3.690,3.512,4.417,4.167,1.875,1.938,2.292
PRT,2009,4.417,3.690,3.512,4.417,4.167,1.875,1.938,2.292
PRT,2010,4.131,3.486,3.308,4.131,3.881,1.875,1.938,2.458
PRT,2011,4.131,3.486,3.308,4.131,3.881,1.875,1.938,2.458
PRT,2012,3.560,3.078,2.900,3.560,3.310,1.875,1.938,2.458
PRT,2013,3.185,2.810,2.685,3.185,3.010,1.875,1.813,2.333
RUS,1985,,,,,,,,
RUS,1986,,,,,,,,
RUS,1987,,,,,,,,
RUS,1988,,,,,,,,
RUS,1989,,,,,,,,
RUS,1990,,,,,,,,
RUS,1991,,,,,,,,
RUS,1992,,,,,,,,
RUS,1993,,,,,,,,
RUS,1994,,,,,,,,
RUS,1995,,,,,,,,
RUS,1996,,,,,,,,
RUS,1997,,,,,,,,
RUS,1998,,,,,,,,
RUS,1999,,,,,,,,
RUS,2000,,,,,,,,
RUS,2001,,,,,,,,
RUS,2002,,,,,,,,
RUS,2003,,,,,,,,
RUS,2004,,,,,,,,
RUS,2005,,,,,,,,
RUS,2006,,,,,,,,
RUS,2007,,,,,,,,
RUS,2008,3.063,2.617,2.474,3.063,2.863,1.500,1.125,1.250
RUS,2009,3.063,2.617,2.474,3.063,2.863,1.500,1.125,1.250
RUS,2010,3.063,2.617,2.474,3.063,2.863,1.500,1.125,1.250
RUS,2011,3.063,2.617,2.474,3.063,2.863,1.500,1.125,1.250
RUS,2012,3.063,2.617,2.474,3.063,2.863,1.500,1.125,1.250
RUS,2013,,,,,,,,
SAU,1985,,,,,,,,
SAU,1986,,,,,,,,
SAU,1987,,,,,,,,
SAU,1988,,,,,,,,
SAU,1989,,,,,,,,
SAU,1990,,,,,,,,
SAU,1991,,,,,,,,
SAU,1992,,,,,,,,
SAU,1993,,,,,,,,
SAU,1994,,,,,,,,
SAU,1995,,,,,,,,
SAU,1996,,,,,,,,
SAU,1997,,,,,,,,
SAU,1998,,,,,,,,
SAU,1999,,,,,,,,
SAU,2000,,,,,,,,
SAU,2001,,,,,,,,
SAU,2002,,,,,,,,
SAU,2003,,,,,,,,
SAU,2004,,,,,,,,
SAU,2005,,,,,,,,
SAU,2006,,,,,,,,
SAU,2007,,,,,,,,
SAU,2008,1.373,0.981,1.147,1.373,1.606,0.000,3.375,3.458
SAU,2009,1.373,0.981,1.147,1.373,1.606,0.000,3.375,3.458
SAU,2010,1.373,0.981,1.147,1.373,1.606,0.000,3.375,3.458
SAU,2011,1.373,0.981,1.147,1.373,1.606,0.000,3.375,3.458
SAU,2012,1.373,0.981,1.147,1.373,1.606,0.000,3.375,3.458
SAU,2013,,,,,,,,
SVK,1985,,,,,,,,
SVK,1986,,,,,,,,
SVK,1987,,,,,,,,
SVK,1988,,,,,,,,
SVK,1989,,,,,,,,
SVK,1990,,,,,,,,
SVK,1991,,,,,,,,
SVK,1992,,,,,,,,
SVK,1993,2.472,,,2.472,,,1.375,
SVK,1994,2.472,,,2.472,,,1.375,
SVK,1995,2.472,,,2.472,,,1.375,
SVK,1996,2.472,,,2.472,,,1.375,
SVK,1997,2.472,,,2.472,,,1.375,
SVK,1998,2.472,2.909,,2.472,,4.000,1.375,
SVK,1999,2.472,2.909,,2.472,,4.000,1.375,
SVK,2000,2.472,2.909,,2.472,,4.000,1.375,
SVK,2001,2.472,2.909,,2.472,,4.000,1.375,
SVK,2002,2.472,2.909,,2.472,,4.000,1.375,
SVK,2003,2.306,2.790,,2.306,,4.000,1.375,
SVK,2004,2.222,2.659,,2.222,,3.750,0.625,
SVK,2005,2.222,2.659,,2.222,,3.750,0.625,
SVK,2006,2.222,2.659,,2.222,,3.750,0.625,
SVK,2007,2.222,2.659,,2.222,,3.750,0.625,
SVK,2008,2.222,2.659,2.635,2.222,2.189,3.750,1.625,2.167
SVK,2009,2.222,2.659,2.635,2.222,2.189,3.750,1.625,2.167
SVK,2010,2.222,2.659,2.635,2.222,2.189,3.750,1.625,2.167
SVK,2011,2.222,2.659,2.635,2.222,2.189,3.750,1.750,2.417
SVK,2012,1.714,2.189,2.165,1.714,1.681,3.375,1.625,2.292
SVK,2013,1.841,2.279,2.256,1.841,1.808,3.375,1.750,2.417
SVN,1985,,,,,,,,
SVN,1986,,,,,,,,
SVN,1987,,,,,,,,
SVN,1988,,,,,,,,
SVN,1989,,,,,,,,
SVN,1990,,,,,,,,
SVN,1991,,,,,,,,
SVN,1992,,,,,,,,
SVN,1993,,,,,,,,
SVN,1994,,,,,,,,
SVN,1995,,,,,,,,
SVN,1996,,,,,,,,
SVN,1997,,,,,,,,
SVN,1998,,,,,,,,
SVN,1999,,,,,,,,
SVN,2000,,,,,,,,
SVN,2001,,,,,,,,
SVN,2002,,,,,,,,
SVN,2003,,,,,,,,
SVN,2004,,,,,,,,
SVN,2005,,,,,,,,
SVN,2006,,,,,,,,
SVN,2007,,,,,,,,
SVN,2008,2.651,2.858,2.703,2.651,2.434,3.375,1.813,2.500
SVN,2009,2.651,2.858,2.703,2.651,2.434,3.375,1.813,2.500
SVN,2010,2.651,2.858,2.703,2.651,2.434,3.375,1.813,2.500
SVN,2011,2.603,2.824,2.669,2.603,2.387,3.375,1.813,2.500
SVN,2012,2.603,2.824,2.669,2.603,2.387,3.375,1.813,2.500
SVN,2013,2.603,2.824,2.669,2.603,2.387,3.375,1.813,2.500
SVN,1-May-13,2.159,2.506,2.387,2.159,1.992,3.375,1.500,2.125
SWE,1985,2.798,,,2.798,,,4.083,
SWE,1986,2.798,,,2.798,,,4.083,
SWE,1987,2.798,,,2.798,,,4.083,
SWE,1988,2.798,,,2.798,,,4.083,
SWE,1989,2.798,,,2.798,,,4.083,
SWE,1990,2.798,,,2.798,,,4.083,
SWE,1991,2.798,,,2.798,,,4.083,
SWE,1992,2.798,,,2.798,,,2.771,
SWE,1993,2.798,,,2.798,,,2.771,
SWE,1994,2.798,,,2.798,,,1.771,
SWE,1995,2.798,,,2.798,,,1.771,
SWE,1996,2.798,,,2.798,,,1.771,
SWE,1997,2.702,,,2.702,,,1.438,
SWE,1998,2.702,2.645,,2.702,,2.500,1.438,
SWE,1999,2.655,2.611,,2.655,,2.500,1.438,
SWE,2000,2.655,2.611,,2.655,,2.500,1.438,
SWE,2001,2.655,2.611,,2.655,,2.500,1.438,
SWE,2002,2.607,2.577,,2.607,,2.500,1.438,
SWE,2003,2.607,2.577,,2.607,,2.500,1.438,
SWE,2004,2.607,2.577,,2.607,,2.500,1.438,
SWE,2005,2.607,2.577,,2.607,,2.500,1.438,
SWE,2006,2.607,2.577,,2.607,,2.500,1.438,
SWE,2007,2.607,2.577,,2.607,,2.500,1.438,
SWE,2008,2.607,2.577,2.517,2.607,2.524,2.500,0.813,0.792
SWE,2009,2.607,2.577,2.517,2.607,2.524,2.500,0.813,0.792
SWE,2010,2.607,2.577,2.517,2.607,2.524,2.500,0.813,0.792
SWE,2011,2.607,2.577,2.517,2.607,2.524,2.500,0.813,0.792
SWE,2012,2.607,2.577,2.517,2.607,2.524,2.500,0.813,0.792
SWE,2013,2.607,2.577,2.517,2.607,2.524,2.500,0.813,1.167
TUR,1985,,,,,,,,
TUR,1986,,,,,,,,
TUR,1987,,,,,,,,
TUR,1988,,,,,,,,
TUR,1989,,,,,,,,
TUR,1990,2.393,,,2.393,,,4.875,
TUR,1991,2.393,,,2.393,,,4.875,
TUR,1992,2.393,,,2.393,,,4.875,
TUR,1993,2.393,,,2.393,,,4.875,
TUR,1994,2.393,,,2.393,,,4.875,
TUR,1995,2.393,,,2.393,,,4.875,
TUR,1996,2.393,,,2.393,,,4.875,
TUR,1997,2.393,,,2.393,,,4.875,
TUR,1998,2.393,2.388,,2.393,,2.375,4.875,
TUR,1999,2.393,2.388,,2.393,,2.375,4.875,
TUR,2000,2.393,2.388,,2.393,,2.375,4.875,
TUR,2001,2.393,2.388,,2.393,,2.375,4.875,
TUR,2002,2.393,2.388,,2.393,,2.375,4.875,
TUR,2003,2.393,2.602,,2.393,,3.125,4.875,
TUR,2004,2.310,2.543,,2.310,,3.125,4.875,
TUR,2005,2.310,2.543,,2.310,,3.125,4.875,
TUR,2006,2.310,2.543,,2.310,,3.125,4.875,
TUR,2007,2.310,2.543,,2.310,,3.125,4.875,
TUR,2008,2.310,2.543,2.471,2.310,2.210,3.125,4.875,4.958
TUR,2009,2.310,2.543,2.471,2.310,2.210,3.125,4.875,4.958
TUR,2010,2.310,2.543,2.471,2.310,2.210,3.125,4.875,4.958
TUR,2011,2.310,2.543,2.471,2.310,2.210,3.125,4.875,4.958
TUR,2012,2.310,2.543,2.471,2.310,2.210,3.125,4.875,4.958
TUR,2013,2.310,2.543,2.471,2.310,2.210,3.125,4.875,4.958
USA,1985,0.257,,,0.257,,,0.250,
USA,1986,0.257,,,0.257,,,0.250,
USA,1987,0.257,,,0.257,,,0.250,
USA,1988,0.257,,,0.257,,,0.250,
USA,1989,0.257,,,0.257,,,0.250,
USA,1990,0.257,,,0.257,,,0.250,
USA,1991,0.257,,,0.257,,,0.250,
USA,1992,0.257,,,0.257,,,0.250,
USA,1993,0.257,,,0.257,,,0.250,
USA,1994,0.257,,,0.257,,,0.250,
USA,1995,0.257,,,0.257,,,0.250,
USA,1996,0.257,,,0.257,,,0.250,
USA,1997,0.257,,,0.257,,,0.250,
USA,1998,0.257,1.005,,0.257,,2.875,0.250,
USA,1999,0.257,1.005,,0.257,,2.875,0.250,
USA,2000,0.257,1.005,,0.257,,2.875,0.250,
USA,2001,0.257,1.005,,0.257,,2.875,0.250,
USA,2002,0.257,1.005,,0.257,,2.875,0.250,
USA,2003,0.257,1.005,,0.257,,2.875,0.250,
USA,2004,0.257,1.005,,0.257,,2.875,0.250,
USA,2005,0.257,1.005,,0.257,,2.875,0.250,
USA,2006,0.257,1.005,,0.257,,2.875,0.250,
USA,2007,0.257,1.005,,0.257,,2.875,0.250,
USA,2008,0.257,1.005,1.171,0.257,0.490,2.875,0.250,0.333
USA,2009,0.257,1.005,1.171,0.257,0.490,2.875,0.250,0.333
USA,2010,0.257,1.005,1.171,0.257,0.490,2.875,0.250,0.333
USA,2011,0.257,1.005,1.171,0.257,0.490,2.875,0.250,0.333
USA,2012,0.257,1.005,1.171,0.257,0.490,2.875,0.250,0.333
USA,2013,0.257,1.005,1.171,0.257,0.490,2.875,0.250,0.333
ZAF,1985,,,,,,,,
ZAF,1986,,,,,,,,
ZAF,1987,,,,,,,,
ZAF,1988,,,,,,,,
ZAF,1989,,,,,,,,
ZAF,1990,,,,,,,,
ZAF,1991,,,,,,,,
ZAF,1992,,,,,,,,
ZAF,1993,,,,,,,,
ZAF,1994,,,,,,,,
ZAF,1995,,,,,,,,
ZAF,1996,,,,,,,,
ZAF,1997,,,,,,,,
ZAF,1998,,,,,,,,
ZAF,1999,,,,,,,,
ZAF,2000,,,,,,,,
ZAF,2001,,,,,,,,
ZAF,2002,,,,,,,,
ZAF,2003,,,,,,,,
ZAF,2004,,,,,,,,
ZAF,2005,,,,,,,,
ZAF,2006,,,,,,,,
ZAF,2007,,,,,,,,
ZAF,2008,2.159,2.078,2.006,2.159,2.059,1.875,0.500,0.583
ZAF,2009,2.159,2.078,2.006,2.159,2.059,1.875,0.500,0.583
ZAF,2010,2.159,2.078,2.006,2.159,2.059,1.875,0.500,0.583
ZAF,2011,2.159,2.078,2.006,2.159,2.059,1.875,0.500,0.583
ZAF,2012,2.159,2.078,2.006,2.159,2.059,1.875,0.500,0.583
ZAF,2013,,,,,,,,
OTO,2008,2.168,2.378,2.365,2.168,2.150,2.903,1.754,2.059
OTO,2009,2.164,2.375,2.362,2.164,2.146,2.903,1.754,2.059
OTO,2010,2.149,2.374,2.363,2.149,2.134,2.937,1.759,2.075
OTO,2011,2.126,2.358,2.349,2.126,2.114,2.937,1.743,2.075
OTO,2012,2.084,2.324,2.316,2.084,2.072,2.926,1.743,2.090
OTO,2013,2.041,2.289,2.285,2.041,2.036,2.909,1.719,2.083
