AUS,1966,2.580353101
AUS,1967,2.7673511445
AUS,1968,2.534562212
AUS,1969,2.416854566
AUS,1970,2.3034585853
AUS,1971,2.7796383121
AUS,1972,4.224229543
AUS,1973,3.3324621014
AUS,1974,4.3131921508
AUS,1975,8.9978145489
AUS,1976,9.8314954776
AUS,1977,12.2124733223
AUS,1978,12.8169458169
AUS,1979,12.9762048863
AUS,1980,12.5255226044
AUS,1981,11.420428537
AUS,1982,13.8474577183
AUS,1983,18.3022066731
AUS,1984,16.7727864411
AUS,1985,15.1535201053
AUS,1986,15.0456669815
AUS,1987,14.9326625092
AUS,1988,13.4141903365
AUS,1989,11.1548670131
AUS,1990,13.0197486207
AUS,1991,17.4870503581
AUS,1992,19.283529143
AUS,1993,18.5448459952
AUS,1994,16.8803626613
AUS,1995,15.2036852558
AUS,1996,15.6512454772
AUS,1997,15.8534053281
AUS,1998,14.4686206736
AUS,1999,13.1217030998
AUS,2000,12.0945333385
AUS,2001,13.4820922336
AUS,2002,12.8020112781
AUS,2003,11.9663514322
AUS,2004,11.373360198
AUS,2005,10.6226388152
AUS,2006,10.0315188345
AUS,2007,9.3660871263
AUS,2008,8.81736472
AUS,2009,11.462182496
AUS,2010,11.5528169742
AUS,2011,11.378601535
AUS,2012,11.7285011448
AUS,2013,12.2077714223
AUS,1966,1.268202639
AUS,1967,1.442807771
AUS,1968,1.2936398769
AUS,1969,1.2261927511
AUS,1970,1.1407538101
AUS,1971,1.3017751479
AUS,1972,1.9492954526
AUS,1973,1.3145150131
AUS,1974,1.8365374288
AUS,1975,3.0964480371
AUS,1976,3.092623692
AUS,1977,3.4528955284
AUS,1978,4.237714498
AUS,1979,3.8751107011
AUS,1980,3.8409170329
AUS,1981,3.7906396529
AUS,1982,4.9229301109
AUS,1983,7.184590934
AUS,1984,6.425583701
AUS,1985,5.9204093314
AUS,1986,5.8421297805
AUS,1987,5.9585200746
AUS,1988,5.2579385351
AUS,1989,4.5908694808
AUS,1990,5.0876578134
AUS,1991,7.3137502777
AUS,1992,8.2774365409
AUS,1993,8.6189304672
AUS,1994,7.6334977031
AUS,1995,6.6327153123
AUS,1996,6.6127333682
AUS,1997,6.5621050037
AUS,1998,6.099217729
AUS,1999,5.4564011484
AUS,2000,5.0431404342
AUS,2001,5.3042169713
AUS,2002,5.0380254531
AUS,2003,4.7134955125
AUS,2004,4.1389001407
AUS,2005,3.862154772
AUS,2006,3.6893211123
AUS,2007,3.3851878693
AUS,2008,3.3647767608
AUS,2009,4.5356880051
AUS,2010,4.041746221
AUS,2011,3.936682794
AUS,2012,4.0514943107
AUS,2013,4.5523052579
AUT,1994,4.9627704802
AUT,1995,5.1606417926
AUT,1996,6.326858396
AUT,1997,6.3332120109
AUT,1998,5.7555795705
AUT,1999,5.0827360175
AUT,2000,5.0982238159
AUT,2001,5.6258936849
AUT,2002,6.1955526106
AUT,2003,7.0405083032
AUT,2004,9.690833484
AUT,2005,10.3300103128
AUT,2006,9.0552523874
AUT,2007,8.6672557787
AUT,2008,8.0503561372
AUT,2009,9.9633455515
AUT,2010,8.834492188
AUT,2011,8.3053942583
AUT,2012,8.7348376975
AUT,2013,9.1635696689
AUT,1994,3.2896111642
AUT,1995,3.392680751
AUT,1996,3.703226483
AUT,1997,3.8551368126
AUT,1998,3.9438012382
AUT,1999,3.403986694
AUT,2000,3.1140532359
AUT,2001,3.1450912422
AUT,2002,3.5222780255
AUT,2003,3.7549256461
AUT,2004,4.2192030756
AUT,2005,4.396490549
AUT,2006,4.1305245766
AUT,2007,3.842501476
AUT,2008,3.3106561746
AUT,2009,4.1880581225
AUT,2010,3.9668578007
AUT,2011,3.5892534745
AUT,2012,3.7855745002
AUT,2013,4.4489871428
BEL,1983,23.8990017616
BEL,1984,25.1955221592
BEL,1985,23.5377581586
BEL,1986,21.0592686003
BEL,1987,21.4121132324
BEL,1988,18.0634513112
BEL,1989,15.5081261014
BEL,1990,14.4610349765
BEL,1991,13.9967306906
BEL,1992,13.2343717332
BEL,1993,18.4450879929
BEL,1994,21.8469919156
BEL,1995,21.5106829371
BEL,1996,20.4744175706
BEL,1997,21.2564571202
BEL,1998,20.3829615891
BEL,1999,22.5711433995
BEL,2000,15.2477972156
BEL,2001,15.3328394532
BEL,2002,17.7367034381
BEL,2003,21.802840784
BEL,2004,21.1853667874
BEL,2005,21.4817294103
BEL,2006,20.5118214691
BEL,2007,18.8417622661
BEL,2008,17.9716264034
BEL,2009,21.9442078776
BEL,2010,22.3988859313
BEL,2011,18.7332729998
BEL,2012,19.7502262378
BEL,2013,23.7020884378
BEL,1983,9.4920692174
BEL,1984,9.6646007594
BEL,1985,9.4717515803
BEL,1986,9.8026110961
BEL,1987,9.792537184
BEL,1988,9.1030492284
BEL,1989,7.4961996781
BEL,1990,6.4656149705
BEL,1991,6.2893554413
BEL,1992,6.0948876126
BEL,1993,7.0659559159
BEL,1994,8.4112677791
BEL,1995,8.2594708926
BEL,1996,8.5642143043
BEL,1997,7.8831548226
BEL,1998,8.3681865349
BEL,1999,7.3759407969
BEL,2000,5.8324273979
BEL,2001,5.3942304567
BEL,2002,6.599657386
BEL,2003,7.06500693
BEL,2004,7.3556451075
BEL,2005,7.390455209
BEL,2006,7.2439505157
BEL,2007,6.5912710163
BEL,2008,6.1007545759
BEL,2009,6.7758067448
BEL,2010,7.3121397809
BEL,2011,6.3733831748
BEL,2012,6.7424214269
BEL,2013,7.3738348752
BGR,2005,22.345901438
BGR,2006,19.5142445182
BGR,2007,15.1167414259
BGR,2008,12.728067021
BGR,2009,16.1565515174
BGR,2010,23.1597894487
BGR,2011,25.0270306821
BGR,2012,28.0935333043
BGR,2013,28.3608427786
BGR,2005,9.0397360479
BGR,2006,8.0259827662
BGR,2007,6.0661747619
BGR,2008,4.9078432535
BGR,2009,5.9901660014
BGR,2010,9.1699346284
BGR,2011,10.4998522881
BGR,2012,11.2502455056
BGR,2013,11.7970702044
BRA,2001,17.9153844837
BRA,2002,18.0323913946
BRA,2003,19.0396084718
BRA,2004,18.0382905674
BRA,2005,19.3252675401
BRA,2006,17.7139757341
BRA,2007,16.7516098614
BRA,2008,15.4626353354
BRA,2009,17.7844622642
BRA,2011,15.3476244237
BRA,2012,14.5746112598
BRA,2013,15.0402827313
BRA,2001,6.9361004772
BRA,2002,6.6378541187
BRA,2003,7.2190784991
BRA,2004,6.4284822823
BRA,2005,6.5697844675
BRA,2006,6.0515373904
BRA,2007,6.1123194992
BRA,2008,5.2391148145
BRA,2009,6.2733170427
BRA,2011,5.0129766947
BRA,2012,4.5027508287
BRA,2013,4.9804139784
CAN,1976,12.3893499308
CAN,1977,13.818876525
CAN,1978,14.0285071268
CAN,1979,12.6726877931
CAN,1980,12.826187183
CAN,1981,12.7743781776
CAN,1982,18.2452357548
CAN,1983,19.2455982522
CAN,1984,17.3669467787
CAN,1985,16.050972236
CAN,1986,14.8082010582
CAN,1987,13.2115533686
CAN,1988,11.4953658874
CAN,1989,10.9479023565
CAN,1990,12.3496829677
CAN,1991,15.8453487934
CAN,1992,17.2231302047
CAN,1993,17.1901222728
CAN,1994,15.8953722334
CAN,1995,14.8363252376
CAN,1996,15.4073344819
CAN,1997,16.2568080541
CAN,1998,15.148309395
CAN,1999,14.0577835274
CAN,2000,12.6746583187
CAN,2001,12.8980234782
CAN,2002,13.6641028419
CAN,2003,13.6691665487
CAN,2004,13.4324676698
CAN,2005,12.4254297716
CAN,2006,11.6861493635
CAN,2007,11.1869587366
CAN,2008,11.581760481
CAN,2009,15.2065038419
CAN,2010,14.7858434154
CAN,2011,14.1651031895
CAN,2012,14.3033596838
CAN,2013,13.6645523037
CAN,1976,5.2865566406
CAN,1977,6.0326687558
CAN,1978,6.4342890409
CAN,1979,5.7829118828
CAN,1980,5.7594755953
CAN,1981,5.963524328
CAN,1982,8.9001696364
CAN,1983,9.9540695377
CAN,1984,9.7667009988
CAN,1985,9.2237337192
CAN,1986,8.3649806755
CAN,1987,7.7353397153
CAN,1988,6.9124568889
CAN,1989,6.8158780359
CAN,1990,7.3494308654
CAN,1991,9.2482973096
CAN,1992,10.0436010218
CAN,1993,10.2680848652
CAN,1994,9.3527598767
CAN,1995,8.4990059642
CAN,1996,8.6406992348
CAN,1997,7.8308151714
CAN,1998,7.0599000493
CAN,1999,6.4270845128
CAN,2000,5.75
CAN,2001,6.1914207153
CAN,2002,6.5682353632
CAN,2003,6.4473224825
CAN,2004,6.0191190687
CAN,2005,5.7556034021
CAN,2006,5.2884496907
CAN,2007,5.0562162865
CAN,2008,5.0686156797
CAN,2009,7.062904495
CAN,2010,6.8709244342
CAN,2011,6.2002964285
CAN,2012,6.0151926035
CAN,2013,5.8802605369
CHE,1991,3.1929544623
CHE,1992,4.5335541027
CHE,1993,6.3849721827
CHE,1994,5.9767930786
CHE,1995,5.450292442
CHE,1996,4.6514865056
CHE,1997,5.9947915984
CHE,1998,5.7721369127
CHE,1999,5.6498917654
CHE,2000,4.8064555119
CHE,2001,5.6253728478
CHE,2002,5.5854386397
CHE,2003,8.4975242704
CHE,2004,7.7089012857
CHE,2005,8.7614885149
CHE,2006,7.7029002039
CHE,2007,7.0852922719
CHE,2008,7.01863377
CHE,2009,8.4463386117
CHE,2010,7.8228063245
CHE,2011,7.6905651843
CHE,2012,8.4443004674
CHE,2013,8.5346229714
CHE,1991,1.5993823594
CHE,1992,2.5829705542
CHE,1993,3.2489442599
CHE,1994,3.5342174117
CHE,1995,3.0181791575
CHE,1996,3.6599018284
CHE,1997,4.07004808
CHE,1998,3.3358115239
CHE,1999,2.6493202173
CHE,2000,2.28078123
CHE,2001,2.0621961228
CHE,2002,2.6547822399
CHE,2003,3.6636670003
CHE,2004,3.9817722733
CHE,2005,3.8480817043
CHE,2006,3.5284632929
CHE,2007,3.1465418569
CHE,2008,2.865466844
CHE,2009,3.6713283638
CHE,2010,4.2459250126
CHE,2011,3.6095124232
CHE,2012,3.7457710039
CHE,2013,4.063207749
CHL,1996,15.2382449894
CHL,1997,14.7906887741
CHL,1998,15.1969708087
CHL,1999,21.7834752614
CHL,2000,21.3178764522
CHL,2001,20.9339659169
CHL,2002,21.5842069629
CHL,2003,21.1045334933
CHL,2004,20.8318514723
CHL,2005,19.7303927423
CHL,2006,18.3133925567
CHL,2007,17.8413705321
CHL,2008,19.7068485503
CHL,2009,22.5748681309
CHL,2010,18.5633309093
CHL,2011,17.5289187225
CHL,2012,16.2609639511
CHL,2013,16.0714983674
CHL,1996,4.9002077792
CHL,1997,4.8067646153
CHL,1998,5.0987786492
CHL,1999,8.2778824218
CHL,2000,7.6445917584
CHL,2001,7.8496694541
CHL,2002,7.5790040713
CHL,2003,7.1507182616
CHL,2004,7.6265290312
CHL,2005,6.8397900254
CHL,2006,6.6756796967
CHL,2007,6.0139004499
CHL,2008,6.5520015818
CHL,2009,8.5004249506
CHL,2010,7.1201335754
CHL,2011,6.0028808799
CHL,2012,5.4969176879
CHL,2013,5.0563396153
CHN,2000,8.8126701654
CHN,2010,6.4023681964
CHN,2000,2.7895668751
CHN,2010,2.506192163
COL,2001,27.5891407595
COL,2002,28.4019707005
COL,2003,26.5319110366
COL,2004,26.3036804007
COL,2005,23.7610344546
COL,2007,22.1958460515
COL,2008,22.8055944877
COL,2009,23.5463438843
COL,2010,23.3044437718
COL,2011,21.8602228542
COL,2012,20.5292331298
COL,2013,19.1151399356
COL,2001,11.9234300533
COL,2002,12.4341474965
COL,2003,11.1425269802
COL,2004,10.7697196882
COL,2005,9.1402136577
COL,2007,8.9719217209
COL,2008,9.0177500507
COL,2009,9.7254343918
COL,2010,9.4866484252
COL,2011,8.5759382257
COL,2012,8.4042296458
COL,2013,7.9225744136
COL,2001,7.1587040049
COL,2002,7.7342837847
COL,2003,7.3042833437
COL,2004,6.2789986947
COL,2005,5.4634259326
COL,2007,5.4545280454
COL,2008,5.4323119205
COL,2009,6.4381133519
COL,2010,6.4098670747
COL,2011,5.9620581065
COL,2012,5.5998207064
COL,2013,5.1520159882
CYP,2005,13.9081863031
CYP,2006,9.9842468695
CYP,2007,10.1599157649
CYP,2008,9.0398877705
CYP,2009,13.8134832838
CYP,2010,16.6049448953
CYP,2011,22.3755199212
CYP,2012,27.7587186611
CYP,2013,38.9118670976
CYP,2005,4.5011744121
CYP,2006,4.1302237618
CYP,2007,3.3648002242
CYP,2008,3.160343788
CYP,2009,4.5830371741
CYP,2010,5.3805664507
CYP,2011,6.8190635259
CYP,2012,10.4876730983
CYP,2013,13.8989906884
CZE,1993,8.4154442783
CZE,1994,8.6764717266
CZE,1995,7.7900921907
CZE,1996,7.1903513092
CZE,1997,8.6167048415
CZE,1998,12.42706045
CZE,1999,17.0177911959
CZE,2000,16.9794585077
CZE,2001,16.5899463249
CZE,2002,16.0181429088
CZE,2003,17.5743031198
CZE,2004,20.3822937626
CZE,2005,19.2558746736
CZE,2006,17.4529346622
CZE,2007,10.7392683275
CZE,2008,9.873296677
CZE,2009,16.6435960864
CZE,2010,18.3417851165
CZE,2011,18.0126268392
CZE,2012,19.5132354046
CZE,2013,18.9696060296
CZE,1993,3.4258457891
CZE,1994,3.3830671219
CZE,1995,3.2799231857
CZE,1996,3.196546919
CZE,1997,4.1277428939
CZE,1998,5.4672924823
CZE,1999,7.5223639939
CZE,2000,7.7430218483
CZE,2001,7.1834553672
CZE,2002,6.4870112089
CZE,2003,6.969430117
CZE,2004,7.3025821008
CZE,2005,7.1384140728
CZE,2006,6.3501542749
CZE,2007,4.9250846663
CZE,2008,3.9776119403
CZE,2009,5.914554599
CZE,2010,6.4436336667
CZE,2011,5.9463641421
CZE,2012,6.1239490425
CZE,2013,6.2280401744
DEU,1970,0.4604899613
DEU,1971,0.6513614522
DEU,1972,0.8709562744
DEU,1973,1.1248892826
DEU,1974,2.948512382
DEU,1975,5.5503258508
DEU,1976,5.5614581425
DEU,1977,5.5334307636
DEU,1978,5.0473298803
DEU,1979,3.9801601114
DEU,1980,4.1460078646
DEU,1981,6.4093903057
DEU,1982,9.3109807209
DEU,1983,11.0188742275
DEU,1984,10.6699974433
DEU,1985,9.8910409948
DEU,1986,7.8477849209
DEU,1987,7.2173351908
DEU,1988,6.7908399663
DEU,1989,5.4231569146
DEU,1990,4.4868843671
DEU,1991,5.4111147221
DEU,1992,6.2166350956
DEU,1993,7.5696480938
DEU,1994,8.2433200682
DEU,1995,8.1821929101
DEU,1996,9.3523647209
DEU,1997,10.2062975027
DEU,1998,9.0319792567
DEU,1999,8.6381665932
DEU,2000,8.3917616126
DEU,2001,8.2677165354
DEU,2002,9.8148561231
DEU,2003,10.5740181269
DEU,2004,12.601260126
DEU,2005,15.1903889228
DEU,2006,13.5507393154
DEU,2007,11.6849451645
DEU,2008,10.3682946357
DEU,2009,10.9928352098
DEU,2010,9.691722973
DEU,2011,8.5373509102
DEU,2012,8.1134564644
DEU,2013,7.9111111111
DEU,1970,0.425759648
DEU,1971,0.5863077823
DEU,1972,0.7330559197
DEU,1973,0.8444714459
DEU,1974,1.8990711065
DEU,1975,3.5618366905
DEU,1976,3.4223787591
DEU,1977,3.2767016557
DEU,1978,3.1194833154
DEU,1979,2.6696157331
DEU,1980,2.6713587899
DEU,1981,3.7965363476
DEU,1982,5.5549269698
DEU,1983,6.9445015416
DEU,1984,6.2231493534
DEU,1985,6.3480380046
DEU,1986,5.9808744069
DEU,1987,5.8269752126
DEU,1988,5.7065883371
DEU,1989,5.2622633328
DEU,1990,4.6051958869
DEU,1991,5.405127854
DEU,1992,6.4518319807
DEU,1993,7.5977916919
DEU,1994,8.068640646
DEU,1995,7.6520976663
DEU,1996,8.0472175379
DEU,1997,8.903855868
DEU,1998,8.3915382816
DEU,1999,7.6060606061
DEU,2000,6.9985545733
DEU,2001,7.262793177
DEU,2002,8.1388390186
DEU,2003,9.1418343333
DEU,2004,9.7170155592
DEU,2005,10.4094333443
DEU,2006,9.5729109065
DEU,2007,7.9787756706
DEU,2008,7.0024973712
DEU,2009,7.2958257713
DEU,2010,6.6496418148
DEU,2011,5.503155098
DEU,2012,5.072222592
DEU,2013,4.9438802779
DNK,1983,18.8552188552
DNK,1984,13.9783095197
DNK,1985,11.5312870951
DNK,1986,8.1218274112
DNK,1987,8.9276552078
DNK,1988,8.5392502942
DNK,1989,11.5018188117
DNK,1990,11.5336096594
DNK,1991,11.4885844749
DNK,1992,12.3399301513
DNK,1993,14.5749799519
DNK,1994,10.1791425037
DNK,1995,9.9225842377
DNK,1996,10.5863377866
DNK,1997,8.0931859306
DNK,1998,7.1715375693
DNK,1999,9.9507728966
DNK,2000,6.724197414
DNK,2001,8.2508148007
DNK,2002,7.3855610499
DNK,2003,9.2123647624
DNK,2004,8.1959445529
DNK,2005,8.6142093923
DNK,2006,7.6821177908
DNK,2007,7.5243790452
DNK,2008,8.0271739576
DNK,2009,11.8295473238
DNK,2010,13.9717773355
DNK,2011,14.2367953614
DNK,2012,14.1372873804
DNK,2013,13.052890787
DNK,1983,8.0391384436
DNK,1984,8.013398093
DNK,1985,7.1083283929
DNK,1986,5.7095140509
DNK,1987,5.3672677104
DNK,1988,6.0954439268
DNK,1989,7.4697202684
DNK,1990,7.945890874
DNK,1991,8.6655783271
DNK,1992,8.4556087968
DNK,1993,10.2485863508
DNK,1994,7.78949494
DNK,1995,6.155957261
DNK,1996,6.0395111747
DNK,1997,4.8464280109
DNK,1998,4.5814697815
DNK,1999,4.279473338
DNK,2000,4.0710590716
DNK,2001,3.4674847124
DNK,2002,4.1855679677
DNK,2003,4.8972848224
DNK,2004,5.0551779302
DNK,2005,4.0870203348
DNK,2006,3.1702316002
DNK,2007,3.1213108534
DNK,2008,2.6303764547
DNK,2009,5.1986729753
DNK,2010,6.5917410157
DNK,2011,6.6211122942
DNK,2012,6.7140785205
DNK,2013,6.2837676589
ESP,1972,3.8591245698
ESP,1973,4.8355963791
ESP,1974,5.9931393891
ESP,1975,9.0373151533
ESP,1976,9.3112244898
ESP,1977,11.0743591375
ESP,1978,15.5752773376
ESP,1979,19.1858261748
ESP,1980,25.2923057581
ESP,1981,30.8627732219
ESP,1982,34.6704605202
ESP,1983,37.5597569627
ESP,1984,41.8370187104
ESP,1985,43.7694111682
ESP,1986,42.8057210206
ESP,1987,40.1213067499
ESP,1988,37.2851372468
ESP,1989,32.156494333
ESP,1990,30.2481535276
ESP,1991,29.0118752778
ESP,1992,32.3740771124
ESP,1993,41.0100189548
ESP,1994,42.8556722257
ESP,1995,40.4479578393
ESP,1996,39.9202400117
ESP,1997,37.1991001125
ESP,1998,33.930008816
ESP,1999,28.2517590065
ESP,2000,25.294048689
ESP,2001,20.7577151459
ESP,2002,22.19695691
ESP,2003,22.6940628145
ESP,2004,21.9963333133
ESP,2005,19.6311745593
ESP,2006,17.8913546498
ESP,2007,18.0887455093
ESP,2008,24.4519389541
ESP,2009,37.7291967918
ESP,2010,41.4805822966
ESP,2011,46.1909183236
ESP,2012,52.8569533159
ESP,2013,55.4766829281
ESP,1972,1.4339823244
ESP,1973,1.447007707
ESP,1974,1.7476269532
ESP,1975,3.0246850874
ESP,1976,3.2654857782
ESP,1977,3.4838740299
ESP,1978,4.4508738781
ESP,1979,5.6189106051
ESP,1980,7.4609002812
ESP,1981,9.1863850633
ESP,1982,10.4559801985
ESP,1983,11.7082961641
ESP,1984,13.9942300916
ESP,1985,15.6139989818
ESP,1986,15.2346532022
ESP,1987,15.0083817156
ESP,1988,14.7273087202
ESP,1989,13.725357295
ESP,1990,13.1426249338
ESP,1991,13.7159479176
ESP,1992,15.7416063827
ESP,1993,19.4089026641
ESP,1994,20.8899293407
ESP,1995,20.0224284674
ESP,1996,19.4312025121
ESP,1997,18.3068034617
ESP,1998,16.5903747645
ESP,1999,13.9542126212
ESP,2000,12.3436984947
ESP,2001,9.2567676265
ESP,2002,10.2061921064
ESP,2003,10.2894012196
ESP,2004,9.809368972
ESP,2005,7.9548896511
ESP,2006,7.4737238664
ESP,2007,7.2004690525
ESP,2008,10.0741855135
ESP,2009,16.3385000217
ESP,2010,18.3737045687
ESP,2011,19.8806793027
ESP,2012,23.260751372
ESP,2013,24.4648901651
EST,1990,1.6273012089
EST,1991,3.4096095353
EST,1992,7.3957904437
EST,1993,10.8731908073
EST,1994,11.3371720387
EST,1995,13.9429056721
EST,1996,15.7671312575
EST,1997,13.8293023543
EST,1998,15.2882883376
EST,1999,18.8786694731
EST,2000,22.2151657895
EST,2001,20.5605389775
EST,2002,17.3831455388
EST,2003,20.3366900191
EST,2004,23.1310706631
EST,2005,14.7381585085
EST,2006,11.888082717
EST,2007,9.9012390106
EST,2008,11.7185746062
EST,2009,26.6215839629
EST,2010,31.9647118845
EST,2011,21.6695517212
EST,2012,19.7868820437
EST,2013,17.9264129398
EST,1990,0.5194474199
EST,1991,1.2781456997
EST,1992,3.2882581431
EST,1993,6.2920689151
EST,1994,7.3164738476
EST,1995,9.4125969082
EST,1996,9.5103821744
EST,1997,9.5841333153
EST,1998,9.6915241359
EST,1999,12.1036851342
EST,2000,13.9879112229
EST,2001,12.3346818928
EST,2002,10.9301758308
EST,2003,9.5310298922
EST,2004,9.1675913991
EST,2005,7.7398522709
EST,2006,5.5655595035
EST,2007,4.1659782684
EST,2008,4.8589141287
EST,2009,12.8199043418
EST,2010,15.1279260035
EST,2011,11.4671893673
EST,2012,9.5012254658
EST,2013,8.2661852687
FIN,1963,2.2821576763
FIN,1964,2.4489795918
FIN,1965,2.2088353414
FIN,1966,2.4193548387
FIN,1967,5.1020408163
FIN,1968,6.237006237
FIN,1969,4.6277665996
FIN,1970,3.0710172745
FIN,1971,4.1501976285
FIN,1972,5.3169734151
FIN,1973,4.7817047817
FIN,1974,4.033970276
FIN,1975,5.4945054945
FIN,1976,7.4889867841
FIN,1977,13.2118451025
FIN,1978,14.7887323944
FIN,1979,11.6666666667
FIN,1980,8.830548926
FIN,1981,9.8557692308
FIN,1982,10.5651105651
FIN,1983,11.25
FIN,1984,10.447761194
FIN,1985,9.7014925373
FIN,1986,10.0755667506
FIN,1987,9.585492228
FIN,1988,8.3783783784
FIN,1989,8.1683168317
FIN,1990,8.883248731
FIN,1991,14.9456521739
FIN,1992,24.4776119403
FIN,1993,30.7936507937
FIN,1994,31.1643835616
FIN,1995,26.9896193772
FIN,1996,25
FIN,1997,23.3009708738
FIN,1998,22.049689441
FIN,1999,20.2898550725
FIN,2000,20.2816901408
FIN,2001,18.75
FIN,2002,19.476744186
FIN,2003,20.4142011834
FIN,2004,19.4610778443
FIN,2005,18.8790560472
FIN,2006,17.6136363636
FIN,2007,15.7458563536
FIN,2008,15.7024793388
FIN,2009,21.6049382716
FIN,2010,20.2985074627
FIN,2011,18.8953488372
FIN,2012,17.816091954
FIN,2013,20
FIN,1963,1.2583271651
FIN,1964,1.2381646031
FIN,1965,1.1029411765
FIN,1966,1.2381646031
FIN,1967,2.2794117647
FIN,1968,3.3185840708
FIN,1969,2.2156573117
FIN,1970,1.7946877243
FIN,1971,2.0436927414
FIN,1972,2.0519835841
FIN,1973,1.9066403682
FIN,1974,1.3880126183
FIN,1975,1.975308642
FIN,1976,3.0599755202
FIN,1977,4.3217286915
FIN,1978,5.802249852
FIN,1979,4.8808832074
FIN,1980,3.7628278221
FIN,1981,3.7619314992
FIN,1982,4.2284459088
FIN,1983,4.2656587473
FIN,1984,3.8605898123
FIN,1985,3.9640591966
FIN,1986,4.2364016736
FIN,1987,4.4155844156
FIN,1988,3.818369453
FIN,1989,2.1384928717
FIN,1990,2.031488065
FIN,1991,5.1451859399
FIN,1992,9.5771777891
FIN,1993,14.0458015267
FIN,1994,14.0973630832
FIN,1995,13.1114473021
FIN,1996,12.1471774194
FIN,1997,10.6979113602
FIN,1998,9.4731509625
FIN,1999,8.4173387097
FIN,2000,7.9677256682
FIN,2001,7.4300254453
FIN,2002,7.3484069887
FIN,2003,7.2622779519
FIN,2004,7.2900158479
FIN,2005,6.9002123142
FIN,2006,6.0897435897
FIN,2007,5.3026245313
FIN,2008,4.8
FIN,2009,6.6058002148
FIN,2010,6.8909386869
FIN,2011,6.1513336962
FIN,2012,6.1850027367
FIN,2013,6.6703417861
FRA,1983,19.8111508478
FRA,1984,24.5756327843
FRA,1985,25.7461069909
FRA,1986,23.907720067
FRA,1987,23.4251604553
FRA,1988,22.1468543327
FRA,1989,19.5436884695
FRA,1990,19.8048694217
FRA,1991,19.7538797674
FRA,1992,21.7166185403
FRA,1993,25.5781699664
FRA,1994,28.8138710602
FRA,1995,27.1063312425
FRA,1996,27.560584233
FRA,1997,28.975303691
FRA,1998,26.2018417956
FRA,1999,26.4908425805
FRA,2000,20.6404648898
FRA,2001,18.0086271777
FRA,2002,18.9350015032
FRA,2003,18.2492511844
FRA,2004,19.6632598762
FRA,2005,20.5734767447
FRA,2006,21.6386370713
FRA,2007,19.1130813558
FRA,2008,18.5886158439
FRA,2009,23.2468510429
FRA,2010,22.8822216803
FRA,2011,22.1111434635
FRA,2012,23.903423548
FRA,2013,23.9216987547
FRA,1983,5.4821795981
FRA,1984,6.534146519
FRA,1985,7.3010832334
FRA,1986,7.6757715284
FRA,1987,8.4867788497
FRA,1988,8.221573276
FRA,1989,8.1316998695
FRA,1990,7.8256813252
FRA,1991,7.772195011
FRA,1992,8.8075142307
FRA,1993,9.7608564111
FRA,1994,11.0932080009
FRA,1995,10.4555312839
FRA,1996,10.9743632583
FRA,1997,11.152109431
FRA,1998,10.8454278881
FRA,1999,10.6875666897
FRA,2000,9.280681406
FRA,2001,7.7350818606
FRA,2002,7.7618104404
FRA,2003,7.5696130733
FRA,2004,7.7945388845
FRA,2005,7.823342092
FRA,2006,7.5686675352
FRA,2007,6.9648550665
FRA,2008,6.3257678455
FRA,2009,7.688416514
FRA,2010,7.9808081386
FRA,2011,8.0272375713
FRA,2012,8.6328840041
FRA,2013,8.7101899114
FTFR,1970,0.4604899613
FTFR,1971,0.6513614522
FTFR,1972,0.8709562744
FTFR,1973,1.1248892826
FTFR,1974,2.948512382
FTFR,1975,5.5503258508
FTFR,1976,5.5614581425
FTFR,1977,5.5334307636
FTFR,1978,5.0473298803
FTFR,1979,3.9801601114
FTFR,1980,4.1460078646
FTFR,1981,6.4093903057
FTFR,1982,9.3109807209
FTFR,1983,11.0188742275
FTFR,1984,10.6699974433
FTFR,1985,9.8910409948
FTFR,1986,7.8477849209
FTFR,1987,7.2173351908
FTFR,1988,6.7908399663
FTFR,1989,5.4231569146
FTFR,1990,4.4868843671
FTFR,1991,3.8016528926
FTFR,1992,4.4089042576
FTFR,1993,6.1853299609
FTFR,1994,7.1394574012
FTFR,1995,7.4751698902
FTFR,1996,8.6672117743
FTFR,1997,9.827732279
FTFR,1998,8.58556461
FTFR,1970,0.425759648
FTFR,1971,0.5863077823
FTFR,1972,0.7330559197
FTFR,1973,0.8444714459
FTFR,1974,1.8990711065
FTFR,1975,3.5618366905
FTFR,1976,3.4223787591
FTFR,1977,3.2767016557
FTFR,1978,3.1194833154
FTFR,1979,2.6696157331
FTFR,1980,2.6713587899
FTFR,1981,3.7965363476
FTFR,1982,5.5549269698
FTFR,1983,6.9445015416
FTFR,1984,6.2231493534
FTFR,1985,6.3480380046
FTFR,1986,5.9808744069
FTFR,1987,5.8269752126
FTFR,1988,5.7065883371
FTFR,1989,5.2622633328
FTFR,1990,4.6051958869
FTFR,1991,3.887393549
FTFR,1992,4.1178251654
FTFR,1993,5.4860607096
FTFR,1994,6.2353692275
FTFR,1995,6.0268616117
FTFR,1996,6.5130218226
FTFR,1997,7.017765429
FTFR,1998,6.6357250376
GBR,1984,19.6799587043
GBR,1985,17.750182615
GBR,1986,17.9089414098
GBR,1987,15.7633042097
GBR,1988,12.8264430953
GBR,1989,10.0316875222
GBR,1990,10.1170540275
GBR,1991,13.5396518375
GBR,1992,15.4171472511
GBR,1993,17.2849571953
GBR,1994,16.1269568947
GBR,1995,15.2670064259
GBR,1996,14.6619058246
GBR,1997,13.4274010014
GBR,1998,12.2634898388
GBR,1999,12.1659634318
GBR,2000,11.7033603708
GBR,2001,10.4418604651
GBR,2002,11.0079275198
GBR,2003,11.4880144731
GBR,2004,10.9155713967
GBR,2005,12.2181662014
GBR,2006,13.8273168672
GBR,2007,14.2406394615
GBR,2008,14.1218189403
GBR,2009,18.967356518
GBR,2010,19.2582953806
GBR,2011,19.973833406
GBR,2012,21.0188741637
GBR,2013,20.9075940997
GBR,1984,9.5159858386
GBR,1985,9.5213291559
GBR,1986,9.3685840703
GBR,1987,9.365442673
GBR,1988,7.5206894125
GBR,1989,6.2142659559
GBR,1990,5.8009825138
GBR,1991,7.0634469207
GBR,1992,8.4867649309
GBR,1993,8.7092858588
GBR,1994,8.2480946651
GBR,1995,7.3768043803
GBR,1996,6.8992745398
GBR,1997,5.8388801879
GBR,1998,5.0029256875
GBR,1999,4.8778127268
GBR,2000,4.4330940105
GBR,2001,3.8455964056
GBR,2002,4.1255648963
GBR,2003,3.7489613373
GBR,2004,3.6077160948
GBR,2005,3.4409638554
GBR,2006,4.0927045163
GBR,2007,3.7460829931
GBR,2008,3.908013544
GBR,2009,6.0536649215
GBR,2010,6.1096678419
GBR,2011,6.1232914412
GBR,2012,5.9934245864
GBR,2013,5.8366146839
GRC,1983,23.0572316694
GRC,1984,23.980726464
GRC,1985,24.1841162045
GRC,1986,24.2655699177
GRC,1987,24.994956627
GRC,1988,25.9692187804
GRC,1989,24.9112978525
GRC,1990,23.3052400147
GRC,1991,24.5237654892
GRC,1992,24.9618611747
GRC,1993,28.8175553137
GRC,1994,27.7208130031
GRC,1995,27.8953104526
GRC,1996,31.1553211731
GRC,1997,31.014675988
GRC,1998,29.7298030838
GRC,1999,31.731830121
GRC,2000,29.5042510069
GRC,2001,28.0492755721
GRC,2002,26.8402393866
GRC,2003,26.8462441635
GRC,2004,26.8877637478
GRC,2005,25.9820501117
GRC,2006,25.172786545
GRC,2007,22.9433991319
GRC,2008,22.0843499502
GRC,2009,25.780570422
GRC,2010,32.9001404139
GRC,2011,44.4022740816
GRC,2012,55.2553425851
GRC,2013,58.317114649
GRC,1983,6.0569262631
GRC,1984,6.3661616162
GRC,1985,5.9950416949
GRC,1986,5.5635202092
GRC,1987,5.4839915286
GRC,1988,5.7206044969
GRC,1989,5.4679311205
GRC,1990,5.1476537217
GRC,1991,5.7375120893
GRC,1992,6.0105714884
GRC,1993,6.6464327384
GRC,1994,6.9894770564
GRC,1995,7.2999224545
GRC,1996,7.6964317544
GRC,1997,7.6882829073
GRC,1998,8.9885866788
GRC,1999,9.83979174
GRC,2000,9.6117091879
GRC,2001,8.7943991864
GRC,2002,9.0973169327
GRC,2003,8.7103441687
GRC,2004,9.4568616039
GRC,2005,9.1144895131
GRC,2006,8.1350463209
GRC,2007,7.7631931523
GRC,2008,7.1689906419
GRC,2009,8.9362566626
GRC,2010,12.0027827976
GRC,2011,17.1369685964
GRC,2012,23.619505245
GRC,2013,26.7523276062
HRV,2005,32.2629818958
HRV,2006,28.8777455421
HRV,2007,23.9905423936
HRV,2008,21.931380101
HRV,2009,25.0616974713
HRV,2010,32.6433868804
HRV,2011,36.0597622582
HRV,2012,43.0467556595
HRV,2013,49.725393981
HRV,2005,10.8975278404
HRV,2006,9.8602344948
HRV,2007,8.4037190341
HRV,2008,7.2868157866
HRV,2009,7.8873848905
HRV,2010,10.295695496
HRV,2011,12.1733979125
HRV,2012,14.2602649372
HRV,2013,15.3663650256
HUN,1992,18.8038202599
HUN,1993,22.9085603113
HUN,1994,20.9087860496
HUN,1995,18.6368824393
HUN,1996,17.9803788904
HUN,1997,15.9434746467
HUN,1998,13.9976586402
HUN,1999,12.8897088025
HUN,2000,12.689044633
HUN,2001,11.2405477212
HUN,2002,12.6059794734
HUN,2003,13.3771929825
HUN,2004,15.4547967929
HUN,2005,19.425087108
HUN,2006,19.0944295502
HUN,2007,18.0460645254
HUN,2008,19.8754101138
HUN,2009,26.4771287072
HUN,2010,26.5808940703
HUN,2011,26.055930177
HUN,2012,28.1413255425
HUN,2013,27.2243092174
HUN,1992,8.7691116147
HUN,1993,10.3608399882
HUN,1994,9.2501517911
HUN,1995,8.9035398503
HUN,1996,8.6844714339
HUN,1997,7.5177304965
HUN,1998,6.7779429695
HUN,1999,6.2244051456
HUN,2000,5.6578628544
HUN,2001,5.1437170805
HUN,2002,5.1692657667
HUN,2003,5.3055801594
HUN,2004,5.458947182
HUN,2005,6.4244262343
HUN,2006,6.8044689512
HUN,2007,6.8119195836
HUN,2008,7.1447044046
HUN,2009,9.1383390014
HUN,2010,10.395004998
HUN,2011,10.0729071923
HUN,2012,10.0037720157
HUN,2013,9.2225061999
IND,2010,10.2313068047
IND,2012,10.6719140459
IND,2010,2.1933108642
IND,2012,2.316865005
IRL,1961,9.7701149425
IRL,1966,8.7378640777
IRL,1971,9.0792838875
IRL,1975,14.1818181818
IRL,1977,13.174366617
IRL,1979,9.1740576497
IRL,1981,14.6809093399
IRL,1983,20.0947603122
IRL,1984,22.6050420168
IRL,1985,23.3722871452
IRL,1986,25.6603773585
IRL,1987,24.584717608
IRL,1988,24.0542244641
IRL,1989,20.734557596
IRL,1990,17.6786313318
IRL,1991,21.7659137577
IRL,1992,23.2337434095
IRL,1993,25.3262786596
IRL,1994,24.1632563578
IRL,1995,19.1010062324
IRL,1996,18.2546749777
IRL,1997,16.1471343028
IRL,1998,12.7975274134
IRL,1999,9.9534346026
IRL,2000,7.9207918826
IRL,2001,7.7154009128
IRL,2002,9.3682589305
IRL,2003,9.520884433
IRL,2004,9.4252163053
IRL,2005,9.7822846113
IRL,2006,9.8768970108
IRL,2007,10.2736052916
IRL,2008,12.4480178087
IRL,2009,25.4901964222
IRL,2010,28.2640396257
IRL,2011,29.8685304106
IRL,2012,32.9861111614
IRL,2013,29.6109838944
IRL,1961,5.1594103531
IRL,1966,4.6930134086
IRL,1971,5.4727240835
IRL,1975,7.7435734687
IRL,1977,7.3402948403
IRL,1979,6.103286385
IRL,1981,9.3828539514
IRL,1983,12.4853075617
IRL,1984,13.6574671137
IRL,1985,15.4906423875
IRL,1986,15.6137071651
IRL,1987,15.4983768186
IRL,1988,14.963547269
IRL,1989,14.5534337564
IRL,1990,12.4828060523
IRL,1991,13.7677935943
IRL,1992,14.0552246887
IRL,1993,14.3784010046
IRL,1994,13.4102088541
IRL,1995,11.0534453384
IRL,1996,11.1241461522
IRL,1997,9.5166594508
IRL,1998,6.9972885126
IRL,1999,5.2210526148
IRL,2000,4.0196948732
IRL,2001,3.1210888587
IRL,2002,3.6452004583
IRL,2003,3.8997837891
IRL,2004,3.8162441855
IRL,2005,3.9523254504
IRL,2006,3.8600407131
IRL,2007,3.9769163532
IRL,2008,4.8116512544
IRL,2009,10.8149510164
IRL,2010,12.6474201644
IRL,2011,13.5274285973
IRL,2012,13.5831380131
IRL,2013,12.6266658152
ISL,1991,4.8875161735
ISL,1992,9.8983926043
ISL,1993,9.9606928426
ISL,1994,11.5358303403
ISL,1995,11.0057003257
ISL,1996,8.4338361978
ISL,1997,7.6770514833
ISL,1998,5.9957092853
ISL,1999,4.3872919818
ISL,2000,4.6832517673
ISL,2001,4.8300785322
ISL,2002,7.2018844609
ISL,2003,8.2478396764
ISL,2004,8.0917368281
ISL,2005,7.2172225163
ISL,2006,8.3612040134
ISL,2007,7.1853225085
ISL,2008,8.2399138641
ISL,2009,15.956622773
ISL,2010,16.172611201
ISL,2011,14.5886148882
ISL,2012,13.5683808108
ISL,2013,10.6949410084
ISL,1991,2.2051394685
ISL,1992,3.2077251195
ISL,1993,4.3413251916
ISL,1994,4.1800311465
ISL,1995,3.6745645091
ISL,1996,2.6039083926
ISL,1997,2.9985947247
ISL,1998,2.0664465126
ISL,1999,1.3647954256
ISL,2000,1.7211818087
ISL,2001,1.7228701472
ISL,2002,2.6613654604
ISL,2003,2.4771076289
ISL,2004,1.9755444451
ISL,2005,1.7242181034
ISL,2006,1.9332161687
ISL,2007,1.3428113363
ISL,2008,1.9818699645
ISL,2009,6.1512955493
ISL,2010,6.338868757
ISL,2011,5.6421056342
ISL,2012,4.5889235588
ISL,2013,4.6358412221
ISR,1985,18.0949877322
ISR,1986,18.8086967709
ISR,1987,15.3856353591
ISR,1988,15.7840680334
ISR,1989,20.6655480984
ISR,1990,22.0786562222
ISR,1991,22.3970675355
ISR,1992,23.141247682
ISR,1993,20.7588075881
ISR,1994,16.7101749332
ISR,1995,14.884491438
ISR,1996,13.5556664595
ISR,1997,14.9683200997
ISR,1998,16.94351208
ISR,1999,16.7307101354
ISR,2000,16.9421161164
ISR,2001,18.4485214455
ISR,2002,20.8511083472
ISR,2003,22.2246439572
ISR,2004,20.5018593625
ISR,2005,17.8091149617
ISR,2006,18.2418908617
ISR,2007,16.052238046
ISR,2008,12.6350735404
ISR,2009,14.5865095614
ISR,2010,13.6869179312
ISR,2011,11.5816040381
ISR,2012,12.1334681496
ISR,2013,10.5376343272
ISR,1985,5.1264758777
ISR,1986,5.4576654651
ISR,1987,4.8463390189
ISR,1988,5.1881073451
ISR,1989,7.2960027867
ISR,1990,8.0026227083
ISR,1991,8.8018109437
ISR,1992,9.4600105284
ISR,1993,8.2670033094
ISR,1994,6.3218824369
ISR,1995,5.5193474515
ISR,1996,5.5657326008
ISR,1997,6.5866008286
ISR,1998,7.1885505255
ISR,1999,7.7208066164
ISR,2000,7.4818456193
ISR,2001,8.0934272214
ISR,2002,9.0904156855
ISR,2003,9.432563097
ISR,2004,9.1106252183
ISR,2005,7.8590352572
ISR,2006,7.0732161465
ISR,2007,6.218685896
ISR,2008,5.3710910845
ISR,2009,6.9357761498
ISR,2010,5.9908974793
ISR,2011,5.0870440031
ISR,2012,6.1150928371
ISR,2013,5.6607691729
ITA,1970,10.2024070022
ITA,1971,10.0775193798
ITA,1972,13.0962705984
ITA,1973,12.6088261783
ITA,1974,11.1280953837
ITA,1975,12.8
ITA,1976,14.515629836
ITA,1977,23.9214673211
ITA,1978,24.8133848134
ITA,1979,25.5629794605
ITA,1980,25.2383222116
ITA,1981,25.7658513417
ITA,1982,28.0461937309
ITA,1983,30.4766377084
ITA,1984,32.8676296472
ITA,1985,33.8890211955
ITA,1986,34.5118239288
ITA,1987,35.5406344061
ITA,1988,34.4819717024
ITA,1989,33.6495138724
ITA,1990,31.4976958525
ITA,1991,30.7747318236
ITA,1992,32.6651818857
ITA,1993,28.7566957993
ITA,1994,30.5019305019
ITA,1995,31.8970861748
ITA,1996,32.2017458778
ITA,1997,32.0572569907
ITA,1998,32.0954003407
ITA,1999,31.1317386648
ITA,2000,29.6867103191
ITA,2001,27.0432299916
ITA,2002,26.2888794205
ITA,2003,26.2654616404
ITA,2004,23.52402746
ITA,2005,23.9726027397
ITA,2006,21.6000406876
ITA,2007,20.2931098141
ITA,2008,21.2545614362
ITA,2009,25.4413244823
ITA,2010,27.8583865351
ITA,2011,29.1314837153
ITA,2012,35.2607297314
ITA,2013,40.0015384166
ITA,1970,1.6054252301
ITA,1971,1.6671278362
ITA,1972,1.6570008285
ITA,1973,1.6534525988
ITA,1974,1.2879240523
ITA,1975,1.5296117139
ITA,1976,1.6745797511
ITA,1977,3.2852466966
ITA,1978,3.3167991394
ITA,1979,3.4874147259
ITA,1980,3.3998478553
ITA,1981,3.4753298076
ITA,1982,3.7775202781
ITA,1983,4.7267449199
ITA,1984,5.4018609879
ITA,1985,5.6293835364
ITA,1986,6.553486674
ITA,1987,7.3855776749
ITA,1988,7.7899733017
ITA,1989,8.1567609042
ITA,1990,7.7017043802
ITA,1991,7.4673090158
ITA,1992,8.0414238017
ITA,1993,7.0631096486
ITA,1994,8.1879194631
ITA,1995,8.7886672449
ITA,1996,8.932959936
ITA,1997,9.1637512696
ITA,1998,9.4303097345
ITA,1999,9.1935921803
ITA,2000,8.5404385244
ITA,2001,7.8731112153
ITA,2002,7.5160355887
ITA,2003,7.2266308826
ITA,2004,6.8766885864
ITA,2005,6.6579040493
ITA,2006,5.8917763438
ITA,2007,5.316253642
ITA,2008,5.9572224324
ITA,2009,6.9533025456
ITA,2010,7.5631508146
ITA,2011,7.5072232739
ITA,2012,9.642661751
ITA,2013,11.2542773898
JPN,1968,1.875
JPN,1969,1.8281535649
JPN,1970,1.9837691614
JPN,1971,2.1295474712
JPN,1972,2.3900573614
JPN,1973,2.3445463812
JPN,1974,2.4746906637
JPN,1975,3.0487804878
JPN,1976,3.1290743155
JPN,1977,3.537414966
JPN,1978,3.7552155772
JPN,1979,3.3946251768
JPN,1980,3.5765379113
JPN,1981,4.0114613181
JPN,1982,3.9173789174
JPN,1983,4.5267489712
JPN,1984,4.9046321526
JPN,1985,4.7748976808
JPN,1986,5.1655629139
JPN,1987,5.2356020942
JPN,1988,4.8531289911
JPN,1989,4.4554455446
JPN,1990,4.3165467626
JPN,1991,4.4622425629
JPN,1992,4.3575418994
JPN,1993,5.1054384018
JPN,1994,5.4505005562
JPN,1995,6.0948081264
JPN,1996,6.7274800456
JPN,1997,6.6433566434
JPN,1998,7.7201447527
JPN,1999,9.2757306226
JPN,2000,9.1984231275
JPN,2001,9.7127222982
JPN,2002,10.0430416069
JPN,2003,10.1644245142
JPN,2004,9.4720496894
JPN,2005,8.6477987421
JPN,2006,8
JPN,2007,7.7049180328
JPN,2008,7.2390572391
JPN,2009,9.07504363
JPN,2010,9.2224231465
JPN,2011,8.0234833659
JPN,2012,7.9457364341
JPN,2013,6.8833652008
JPN,1968,0.9672386895
JPN,1969,0.9216589862
JPN,1970,0.8819951338
JPN,1971,0.9408194234
JPN,1972,1.0616337364
JPN,1973,0.9845288326
JPN,1974,1.1291655191
JPN,1975,1.6216216216
JPN,1976,1.6864295125
JPN,1977,1.6975308642
JPN,1978,1.8958543984
JPN,1979,1.7202692595
JPN,1980,1.6831683168
JPN,1981,1.8454724409
JPN,1982,1.8780487805
JPN,1983,2.1744382701
JPN,1984,2.1440616719
JPN,1985,2.0938628159
JPN,1986,2.186974285
JPN,1987,2.30105465
JPN,1988,2.0038167939
JPN,1989,1.7518939394
JPN,1990,1.6397282736
JPN,1991,1.5917602996
JPN,1992,1.7044127948
JPN,1993,2.027972028
JPN,1994,2.3665893271
JPN,1995,2.5688498033
JPN,1996,2.7387802071
JPN,1997,2.804377565
JPN,1998,3.4145231049
JPN,1999,3.9617486339
JPN,2000,4.0733197556
JPN,2001,4.3877322588
JPN,2002,4.9117247623
JPN,2003,4.6953733394
JPN,2004,4.3609371376
JPN,2005,4.168618267
JPN,2006,3.8624587847
JPN,2007,3.7221431958
JPN,2008,3.8855780691
JPN,2009,4.9450549451
JPN,2010,4.863440345
JPN,2011,4.4287871163
JPN,2012,4.2634730539
JPN,2013,4.0592168099
KOR,1980,11.4583333333
KOR,1981,10.1583113456
KOR,1982,10.0795755968
KOR,1983,9.1684434968
KOR,1984,8.8525835866
KOR,1985,10.0348702053
KOR,1986,8.9904761905
KOR,1987,7.6717557252
KOR,1988,7.1971211515
KOR,1989,6.783625731
KOR,1990,6.9837674594
KOR,1991,7.3029891304
KOR,1992,7.6341127923
KOR,1993,8.946251768
KOR,1994,7.2448251249
KOR,1995,6.2726613488
KOR,1996,6.1048689139
KOR,1997,7.578125
KOR,1998,15.8547008547
KOR,1999,14.0166447657
KOR,2000,10.835980678
KOR,2001,10.2350464831
KOR,2002,8.5452562704
KOR,2003,10.0752958049
KOR,2004,10.4580187186
KOR,2005,10.2129124256
KOR,2006,10.0166021029
KOR,2007,8.7918660287
KOR,2008,9.3307593308
KOR,2009,9.8208360982
KOR,2010,9.8360655738
KOR,2011,9.6488370578
KOR,2012,9.0042438034
KOR,2013,9.3421851134
KOR,1980,3.746545194
KOR,1981,3.3257222277
KOR,1982,3.2619185485
KOR,1983,3.1952773613
KOR,1984,3.0032543003
KOR,1985,3.0854919989
KOR,1986,3.11619568
KOR,1987,2.5010150223
KOR,1988,1.9220208677
KOR,1989,2.0801700577
KOR,1990,1.8926974665
KOR,1991,1.6958979562
KOR,1992,1.8132688616
KOR,1993,2.1073862846
KOR,1994,1.9422074846
KOR,1995,1.5635308088
KOR,1996,1.6447157083
KOR,1997,2.1573286643
KOR,1998,6.3573667712
KOR,1999,5.8287908821
KOR,2000,3.9665327574
KOR,2001,3.6171174924
KOR,2002,2.9765077283
KOR,2003,3.1293268951
KOR,2004,3.229682181
KOR,2005,3.3972830732
KOR,2006,3.1654676259
KOR,2007,3.1017097764
KOR,2008,3.0395136778
KOR,2009,3.56579019
KOR,2010,3.4757186942
KOR,2011,3.1631064603
KOR,2012,2.9584256484
KOR,2013,2.931903614
LTU,2005,15.6885180047
LTU,2006,9.8060823843
LTU,2007,8.396649476
LTU,2008,13.3466027552
LTU,2009,29.5530549106
LTU,2010,35.7120264662
LTU,2011,32.5758378231
LTU,2012,26.6743040194
LTU,2013,21.8911936237
LTU,2005,7.8491887028
LTU,2006,5.1553506953
LTU,2007,3.9735172059
LTU,2008,5.1965599445
LTU,2009,12.729632275
LTU,2010,16.7055455133
LTU,2011,14.2797688237
LTU,2012,12.5525121889
LTU,2013,10.9994897029
LUX,1983,6.7647058824
LUX,1984,5.5214723926
LUX,1985,6.7278287462
LUX,1986,6.2111801242
LUX,1987,4.9342105263
LUX,1988,4.4827586207
LUX,1989,2.9962546816
LUX,1990,3.6363636364
LUX,1991,2.6217228464
LUX,1992,3.5294117647
LUX,1993,4.4247787611
LUX,1994,7.8975147976
LUX,1995,7.2481168925
LUX,1996,9.2327665995
LUX,1997,7.270472619
LUX,1998,6.4129505113
LUX,1999,6.7518521506
LUX,2000,6.3805533734
LUX,2001,6.3403399977
LUX,2002,6.9604481786
LUX,2003,10.9271738126
LUX,2004,16.9108622901
LUX,2005,13.6891232295
LUX,2006,16.1757622066
LUX,2007,15.1885741158
LUX,2008,17.8681144747
LUX,2009,17.161156291
LUX,2010,14.2341248097
LUX,2011,16.7890361831
LUX,2012,18.7587405774
LUX,2013,15.523605198
LUX,1983,2.2883298416
LUX,1984,1.9379138431
LUX,1985,2.1478244079
LUX,1986,1.8374411353
LUX,1987,1.9432541875
LUX,1988,1.463833442
LUX,1989,1.2881246157
LUX,1990,1.3738385173
LUX,1991,1.2866836319
LUX,1992,1.7907411392
LUX,1993,2.1101062678
LUX,1994,2.9944581408
LUX,1995,2.4967667291
LUX,1996,2.6965127563
LUX,1997,2.0657415941
LUX,1998,2.5130590943
LUX,1999,1.988500041
LUX,2000,2.006511454
LUX,2001,1.4190409525
LUX,2002,2.3563181759
LUX,2003,3.2044279851
LUX,2004,4.4424273619
LUX,2005,3.9098466402
LUX,2006,4.0965876114
LUX,2007,3.3709753854
LUX,2008,4.167877674
LUX,2009,4.2211666525
LUX,2010,3.9137143717
LUX,2011,4.2885283846
LUX,2012,4.4708856971
LUX,2013,5.3326969874
LVA,2005,13.5578539058
LVA,2006,12.1623777138
LVA,2007,10.5526407107
LVA,2008,13.6221074932
LVA,2009,33.3381121464
LVA,2010,36.1513259335
LVA,2011,30.99993714
LVA,2012,28.5302492055
LVA,2013,23.2180669906
LVA,2005,8.3998552012
LVA,2006,6.1276128865
LVA,2007,5.7131927771
LVA,2008,7.3642846562
LVA,2009,16.1954875919
LVA,2010,18.0259621007
LVA,2011,14.8425402948
LVA,2012,13.695930008
LVA,2013,11.0486414155
MEX,1991,5.4286304008
MEX,1992,5.3919347848
MEX,1993,5.3663717269
MEX,1994,7.1007720439
MEX,1995,11.3261486784
MEX,1996,9.2386494661
MEX,1997,7.3756209121
MEX,1998,6.4362799996
MEX,1999,4.0856090872
MEX,2000,5.0831745665
MEX,2001,4.8522757256
MEX,2002,5.9147674019
MEX,2003,6.1778501494
MEX,2004,7.6015084374
MEX,2005,6.606300023
MEX,2006,6.1549656934
MEX,2007,6.6902057295
MEX,2008,7.0322371784
MEX,2009,10.0122445539
MEX,2010,9.2763180568
MEX,2011,9.8204013186
MEX,2012,9.3400406972
MEX,2013,9.2162402652
MEX,1991,2.2220943418
MEX,1992,2.3107882704
MEX,1993,2.4776680087
MEX,1994,3.295050013
MEX,1995,5.3842235147
MEX,1996,3.9751319899
MEX,1997,3.0940954296
MEX,1998,2.7285323702
MEX,1999,2.1359976663
MEX,2000,1.793393489
MEX,2001,1.9447754696
MEX,2002,2.1077228396
MEX,2003,2.2513688613
MEX,2004,2.7616102297
MEX,2005,2.8005464754
MEX,2006,2.5391714285
MEX,2007,2.7470090359
MEX,2008,2.7870010446
MEX,2009,4.242732563
MEX,2010,4.4055972285
MEX,2011,4.4185923188
MEX,2012,3.9519413121
MEX,2013,4.3221619621
MKD,2006,59.7323349083
MKD,2007,57.7173958801
MKD,2008,56.3677684985
MKD,2009,55.0962406363
MKD,2010,53.6606250151
MKD,2011,55.265599866
MKD,2012,53.9118290159
MKD,2013,51.9104144442
MKD,2006,33.2624448953
MKD,2007,32.3058413571
MKD,2008,30.9936604564
MKD,2009,29.5875213749
MKD,2010,29.7312011561
MKD,2011,28.7485502226
MKD,2012,28.9571105785
MKD,2013,26.8832580603
MLT,2005,16.7532953574
MLT,2006,15.9138584032
MLT,2007,13.9104609012
MLT,2008,12.20829112
MLT,2009,14.5255657604
MLT,2010,13.242962701
MLT,2011,13.3408258262
MLT,2012,14.0668848851
MLT,2013,12.987238521
MLT,2005,5.014259027
MLT,2006,5.1545002691
MLT,2007,4.9915246409
MLT,2008,4.8462021824
MLT,2009,5.3036342404
MLT,2010,5.9073064855
MLT,2011,5.4454458919
MLT,2012,5.1327722228
MLT,2013,5.1936122206
NLD,1971,1.4619883041
NLD,1972,2.7418126428
NLD,1973,2.8044871795
NLD,1974,3.8875103391
NLD,1975,6.3758389262
NLD,1976,7.2666666667
NLD,1977,7.2640069384
NLD,1978,7.6924610052
NLD,1979,8.0821799308
NLD,1980,9.3250841751
NLD,1981,13.3610456722
NLD,1982,18.6416717886
NLD,1983,24.9170496145
NLD,1984,25.2355967078
NLD,1985,22.9461408993
NLD,1986,19.9807259878
NLD,1987,14.8122866894
NLD,1988,13.6301369863
NLD,1989,12.2121423587
NLD,1990,11.1343075852
NLD,1991,10.4855735398
NLD,1992,7.8445747801
NLD,1993,9.6749811036
NLD,1994,10.1930501931
NLD,1995,12.7889060092
NLD,1996,11.8287937743
NLD,1997,9.3095422808
NLD,1998,8.1230283912
NLD,1999,7.0884146341
NLD,2000,6.1039939714
NLD,2001,4.8920863309
NLD,2002,5.4208273894
NLD,2003,7.3825503356
NLD,2004,8.9733840304
NLD,2005,9.4010614102
NLD,2006,7.494322483
NLD,2007,7.0340826686
NLD,2008,6.3784549965
NLD,2009,7.7140835103
NLD,2010,8.6705202312
NLD,2011,7.725631769
NLD,2012,9.4750740019
NLD,2013,11.0074310299
NLD,1971,1.1945621469
NLD,1972,2.0362735617
NLD,1973,2.037085658
NLD,1974,2.3808463252
NLD,1975,3.216367018
NLD,1976,3.2868827628
NLD,1977,3.0311665183
NLD,1978,2.92303207
NLD,1979,2.8539071348
NLD,1980,3.2977911099
NLD,1981,5.0736623763
NLD,1982,7.1260025873
NLD,1983,10.5733205761
NLD,1984,11.1832362523
NLD,1985,10.9253125076
NLD,1986,10.3963212288
NLD,1987,8.3061535116
NLD,1988,8.1228956229
NLD,1989,7.5448361163
NLD,1990,6.6759944034
NLD,1991,6.2536189925
NLD,1992,5.0893028615
NLD,1993,5.4943001308
NLD,1994,6.2637362637
NLD,1995,6.1010316613
NLD,1996,5.4833040422
NLD,1997,4.8436963243
NLD,1998,3.658742202
NLD,1999,2.850435949
NLD,2000,2.5008280888
NLD,2001,2.058774697
NLD,2002,2.6189292226
NLD,2003,3.5863219349
NLD,2004,4.3774966711
NLD,2005,4.5137736475
NLD,2006,3.6680497925
NLD,2007,2.7639854353
NLD,2008,2.2046725897
NLD,2009,2.9023746702
NLD,2010,3.6206610198
NLD,2011,3.7546094536
NLD,2012,4.4083110521
NLD,2013,5.8026896836
NOR,1972,5.1282051282
NOR,1973,5.5762081784
NOR,1974,5.4744525547
NOR,1975,7.7738515901
NOR,1976,5.6666666667
NOR,1977,5.016722408
NOR,1978,5.8631921824
NOR,1979,6.600660066
NOR,1980,4.7058823529
NOR,1981,5.671641791
NOR,1982,7.5801749271
NOR,1983,8.8571428571
NOR,1984,7.6246334311
NOR,1985,6.4971751412
NOR,1986,4.9738219895
NOR,1987,5.303030303
NOR,1988,7.9207920792
NOR,1989,11.4666666667
NOR,1990,11.7647058824
NOR,1991,12.8358208955
NOR,1992,13.8888888889
NOR,1993,13.9158576052
NOR,1994,12.6245847176
NOR,1995,11.8644067797
NOR,1996,12.3701298701
NOR,1997,10.6451612903
NOR,1998,9.1482649842
NOR,1999,9.5846645367
NOR,2000,10.1587301587
NOR,2001,10.4575163399
NOR,2002,11.4649681529
NOR,2003,11.6883116883
NOR,2004,11.6883116883
NOR,2005,12.0306182814
NOR,2006,8.6401425178
NOR,2007,7.2907801418
NOR,2008,7.5387444182
NOR,2009,9.1535704439
NOR,2010,9.3157460841
NOR,2011,8.6254107338
NOR,2012,8.6225026288
NOR,2013,9.1618947104
NOR,1972,0.968054211
NOR,1973,0.5741626794
NOR,1974,0.7597340931
NOR,1975,1.2855831038
NOR,1976,1.1524822695
NOR,1977,0.9573542211
NOR,1978,1.2776831346
NOR,1979,1.081530782
NOR,1980,1.1532125206
NOR,1981,1.5285599356
NOR,1982,1.8912529551
NOR,1983,2.4825446082
NOR,1984,2.5757575758
NOR,1985,1.9216555802
NOR,1986,1.3708513709
NOR,1987,1.4716187807
NOR,1988,2.2084195997
NOR,1989,3.7517053206
NOR,1990,4.3214044564
NOR,1991,4.3391188251
NOR,1992,4.7994740302
NOR,1993,4.9967553537
NOR,1994,4.4614404079
NOR,1995,4.0660024907
NOR,1996,3.8652912621
NOR,1997,3.0393325387
NOR,1998,2.3598820059
NOR,1999,2.413184226
NOR,2000,2.5851938895
NOR,2001,2.5989367986
NOR,2002,3.0321046373
NOR,2003,3.8438438438
NOR,2004,3.8392321536
NOR,2005,3.9788315144
NOR,2006,2.9493633402
NOR,2007,1.9410664172
NOR,2008,1.9537275064
NOR,2009,2.467872171
NOR,2010,3.0592516775
NOR,2011,2.7431280691
NOR,2012,2.6502259666
NOR,2013,2.9400386319
NZL,1986,7.9201404125
NZL,1987,8.0216313655
NZL,1988,10.7555341675
NZL,1989,13.5532994924
NZL,1990,14.075203252
NZL,1991,19.3229166667
NZL,1992,19.120819849
NZL,1993,17.8384339675
NZL,1994,15.4560349536
NZL,1995,12.2968580715
NZL,1996,12.2404371585
NZL,1997,13.5908838243
NZL,1998,15.0462962963
NZL,1999,14.2124321062
NZL,2000,13.556231003
NZL,2001,12.114866886
NZL,2002,11.763022324
NZL,2003,10.4804720427
NZL,2004,9.6934548467
NZL,2005,9.7263614197
NZL,2006,9.9535843218
NZL,2007,10.0584201168
NZL,2008,11.3653895603
NZL,2009,16.5542293721
NZL,2010,17.0591313448
NZL,2011,17.2602027554
NZL,2012,17.6639665534
NZL,2013,15.7880792787
NZL,1986,2.8919761837
NZL,1987,2.8847926267
NZL,1988,4.1354756253
NZL,1989,5.299393061
NZL,1990,6.0506732814
NZL,1991,8.4220548775
NZL,1992,8.5531914894
NZL,1993,7.924275423
NZL,1994,6.7744041789
NZL,1995,5.2095760757
NZL,1996,5.0643644492
NZL,1997,5.4843358871
NZL,1998,6.3392991427
NZL,1999,5.67581641
NZL,2000,4.6789667897
NZL,2001,4.2239036215
NZL,2002,4.107505071
NZL,2003,3.6259405231
NZL,2004,2.9807624551
NZL,2005,2.7758596879
NZL,2006,2.7119338753
NZL,2007,2.580995721
NZL,2008,2.9118360744
NZL,2009,4.3916196616
NZL,2010,4.885557489
NZL,2011,4.9109516215
NZL,2012,5.2989855846
NZL,2013,4.746209672
POL,1992,27.769179748
POL,1993,30.0451023476
POL,1994,32.5600761361
POL,1995,31.1641791045
POL,1996,28.4986404076
POL,1997,24.6980042017
POL,1998,23.2028639618
POL,1999,29.9629433563
POL,2000,35.1658337119
POL,2001,40.9843606256
POL,2002,43.8870254241
POL,2003,43.0296930045
POL,2004,40.8488612836
POL,2005,37.7724487077
POL,2006,29.772681553
POL,2007,21.655810949
POL,2008,17.2898242472
POL,2009,20.6504434842
POL,2010,23.6666666667
POL,2011,25.753745607
POL,2012,26.4893889031
POL,2013,27.2989269817
POL,1992,11.9459846856
POL,1993,12.6673356939
POL,1994,12.7994368019
POL,1995,11.6854487752
POL,1996,10.8134632924
POL,1997,9.9577735607
POL,1998,9.4572025052
POL,1999,10.849230316
POL,2000,13.8787436085
POL,2001,15.7538730089
POL,2002,17.5155152822
POL,2003,17.3442136499
POL,2004,16.9003092328
POL,2005,15.9699014998
POL,2006,12.2180660802
POL,2007,8.355930051
POL,2008,6.0759080074
POL,2009,6.9141834294
POL,2010,8.2868567821
POL,2011,8.2445747492
POL,2012,8.7629447465
POL,2013,9.0437714585
PRT,1974,3.2062391681
PRT,1975,8.4284207498
PRT,1976,12.7329486331
PRT,1977,16.3425226586
PRT,1978,18.3549621884
PRT,1979,17.9557505943
PRT,1980,16.4472497746
PRT,1981,16.1780104712
PRT,1982,14.5717069714
PRT,1983,18.0070429238
PRT,1984,19.6193265007
PRT,1985,20.2534151653
PRT,1986,19.0685588647
PRT,1987,15.8448586891
PRT,1988,12.9300720593
PRT,1989,11.369053788
PRT,1990,10.1437286734
PRT,1991,9.1070635273
PRT,1992,9.8734805259
PRT,1993,12.5661375661
PRT,1994,14.6525070574
PRT,1995,16.0963786712
PRT,1996,16.5248738284
PRT,1997,14.818519577
PRT,1998,10.3946101752
PRT,1999,8.8511970309
PRT,2000,8.6153845664
PRT,2001,9.4083268807
PRT,2002,11.6679133718
PRT,2003,14.5840133481
PRT,2004,15.4507193506
PRT,2005,16.2202110098
PRT,2006,16.4972178487
PRT,2007,16.7292860943
PRT,2008,16.673469446
PRT,2009,20.3118140623
PRT,2010,22.7587855361
PRT,2011,30.2565275511
PRT,2012,37.914579189
PRT,2013,38.0842315271
PRT,1974,0.6696333969
PRT,1975,2.7010050251
PRT,1976,4.0188839124
PRT,1977,4.170412351
PRT,1978,4.1783054004
PRT,1979,4.434054747
PRT,1980,4.2474954035
PRT,1981,4.7161087479
PRT,1982,4.1885591652
PRT,1983,5.1196692014
PRT,1984,5.6651279899
PRT,1985,5.9504305086
PRT,1986,6.0077783843
PRT,1987,5.0246138177
PRT,1988,4.1673612269
PRT,1989,3.8196355161
PRT,1990,3.6524169472
PRT,1991,3.2901507355
PRT,1992,3.1508603191
PRT,1993,4.4015062658
PRT,1994,5.8188399129
PRT,1995,6.1363705576
PRT,1996,6.1521012782
PRT,1997,5.7551979971
PRT,1998,4.4451362039
PRT,1999,4.0518367908
PRT,2000,3.4804108482
PRT,2001,3.4833284836
PRT,2002,4.4656428452
PRT,2003,5.7750839466
PRT,2004,6.0322810909
PRT,2005,7.2450241649
PRT,2006,7.3305221457
PRT,2007,7.7497203416
PRT,2008,7.2131716436
PRT,2009,9.2375769027
PRT,2010,10.6738795346
PRT,2011,11.9292638879
PRT,2012,14.6932699879
PRT,2013,15.5105602386
ROU,2005,20.2461904985
ROU,2006,21.4354513052
ROU,2007,20.1418618388
ROU,2008,18.5960364151
ROU,2009,20.7547636987
ROU,2010,22.0747243142
ROU,2011,23.7213645809
ROU,2012,22.6779448965
ROU,2013,23.6367997517
ROU,2005,6.3591609056
ROU,2006,6.4431182005
ROU,2007,5.5967173696
ROU,2008,4.9908334228
ROU,2009,6.055236994
ROU,2010,6.4295516974
ROU,2011,6.3962533027
ROU,2012,6.2257919186
ROU,2013,6.5283057505
RUS,1992,12.9587077475
RUS,1993,13.7086973956
RUS,1994,16.3176881482
RUS,1995,18.7593123314
RUS,1996,19.3319200895
RUS,1997,23.526981129
RUS,1998,27.0981586809
RUS,1999,23.9539815284
RUS,2000,20.7114536188
RUS,2001,17.997714133
RUS,2002,15.5659322543
RUS,2003,17.5504033431
RUS,2004,17.2140694316
RUS,2005,15.5047223401
RUS,2006,16.372752313
RUS,2007,14.4401125226
RUS,2008,14.0414171504
RUS,2009,18.4570543482
RUS,2010,16.9308059851
RUS,2011,15.2029745899
RUS,2012,14.7571072216
RUS,2013,13.8355520583
RUS,1992,3.7909299284
RUS,1993,4.6507776541
RUS,1994,6.928527006
RUS,1995,8.1114100467
RUS,1996,8.2790046815
RUS,1997,10.2451376175
RUS,1998,11.4229889739
RUS,1999,11.5505353973
RUS,2000,9.2240437961
RUS,2001,7.8000334078
RUS,2002,6.9211713971
RUS,2003,7.05172551
RUS,2004,6.542705054
RUS,2005,6.1432926306
RUS,2006,6.0271849024
RUS,2007,5.0919997845
RUS,2008,5.2301428858
RUS,2009,7.1146261957
RUS,2010,6.3000456012
RUS,2011,5.5944643788
RUS,2012,4.6081222169
RUS,2013,4.6996788655
SVK,1994,27.349601353
SVK,1995,24.7648902821
SVK,1996,21.0253998119
SVK,1997,22.6246472248
SVK,1998,25.1423149905
SVK,1999,33.8367154318
SVK,2000,36.9612328437
SVK,2001,39.072039072
SVK,2002,37.3822256175
SVK,2003,33.1102783726
SVK,2004,32.6934097421
SVK,2005,29.8811013767
SVK,2006,26.6
SVK,2007,20.1091224452
SVK,2008,18.8282906148
SVK,2009,27.3399709929
SVK,2010,33.6335300736
SVK,2011,33.4114018631
SVK,2012,34.0310901494
SVK,2013,33.6473733426
SVK,1994,10.9727382136
SVK,1995,10.9603178699
SVK,1996,9.5099837001
SVK,1997,9.8691912251
SVK,1998,10.2422460977
SVK,1999,13.0638722555
SVK,2000,15.4584897382
SVK,2001,15.8776367281
SVK,2002,15.3249365452
SVK,2003,15.0500403168
SVK,2004,15.9984995546
SVK,2005,14.3943661972
SVK,2006,11.8292625975
SVK,2007,10.0964147556
SVK,2008,8.8069379154
SVK,2009,10.8339980518
SVK,2010,12.8094013358
SVK,2011,12.0907231368
SVK,2012,12.3539474826
SVK,2013,12.8291432873
SVN,2002,16.5469612085
SVN,2003,17.3420700902
SVN,2004,16.124850441
SVN,2005,15.9450905434
SVN,2006,13.8540891666
SVN,2007,10.0978921145
SVN,2008,10.4369756934
SVN,2009,13.6008751911
SVN,2010,14.6523138562
SVN,2011,15.7191561253
SVN,2012,20.5832911117
SVN,2013,21.6023669926
SVN,2002,5.3448279571
SVN,2003,5.7070104239
SVN,2004,5.3836969631
SVN,2005,5.6434564082
SVN,2006,5.4244049996
SVN,2007,4.4519756394
SVN,2008,3.7134796835
SVN,2009,5.3486572162
SVN,2010,6.9768510474
SVN,2011,7.7916974439
SVN,2012,8.2583110167
SVN,2013,9.6841530709
SWE,1963,2.9031330842
SWE,1964,3.0471684987
SWE,1965,2.3424657534
SWE,1966,2.73601517
SWE,1967,3.9048285514
SWE,1968,3.9490092836
SWE,1969,3.3714205107
SWE,1970,2.8958630528
SWE,1971,5.05909484
SWE,1972,5.7387960361
SWE,1973,5.2448082462
SWE,1974,4.4069801834
SWE,1975,3.7498190242
SWE,1976,4.2979942693
SWE,1977,5.1724137931
SWE,1978,6.6570188133
SWE,1979,6.0734463277
SWE,1980,6.2586926287
SWE,1981,7.7032810271
SWE,1982,9.3123209169
SWE,1983,10.071942446
SWE,1984,7.9365079365
SWE,1985,7.2135785007
SWE,1986,6.7142857143
SWE,1987,5.29986053
SWE,1988,4.2407660739
SWE,1989,3.8926174497
SWE,1990,4.6258503401
SWE,1991,7.9594790159
SWE,1992,13.7096774194
SWE,1993,22.7436823105
SWE,1994,22.65917603
SWE,1995,19.5402298851
SWE,1996,21.2
SWE,1997,21.1180124224
SWE,1998,16.7372881356
SWE,1999,14.3157894737
SWE,2000,11.7308088084
SWE,2001,11.6141732283
SWE,2002,12.5465594981
SWE,2003,13.5226504395
SWE,2004,16.5585054081
SWE,2005,21.9941348974
SWE,2006,21.0553814002
SWE,2007,19.1828673098
SWE,2008,20.164958839
SWE,2009,24.9496917622
SWE,2010,24.7733666771
SWE,2011,22.7715241862
SWE,2012,23.6647113307
SWE,2013,23.552473793
SWE,1963,1.2740520965
SWE,1964,1.2160197383
SWE,1965,0.8671919708
SWE,1966,1.2575058742
SWE,1967,1.5726421259
SWE,1968,1.6847896162
SWE,1969,1.3910550942
SWE,1970,1.0661329194
SWE,1971,1.8133992268
SWE,1972,1.9830028329
SWE,1973,1.7984074578
SWE,1974,1.3291307485
SWE,1975,1.0555164624
SWE,1976,1.1021200249
SWE,1977,1.3524264121
SWE,1978,1.6183075497
SWE,1979,1.4733288794
SWE,1980,1.4118708156
SWE,1981,1.8028516589
SWE,1982,2.3173752248
SWE,1983,2.5322824082
SWE,1984,2.2980871413
SWE,1985,2.0142608353
SWE,1986,1.9168291098
SWE,1987,1.6510197475
SWE,1988,1.376
SWE,1989,1.1635220126
SWE,1990,1.2662137122
SWE,1991,2.514566084
SWE,1992,4.7706422018
SWE,1993,7.8761875575
SWE,1994,8.1105990783
SWE,1995,7.7787906411
SWE,1996,8.5956416465
SWE,1997,8.9105889533
SWE,1998,7.5669024915
SWE,1999,6.2307217767
SWE,2000,4.9443757726
SWE,2001,4.0695868282
SWE,2002,4.2266750157
SWE,2003,4.8803526448
SWE,2004,5.4614532215
SWE,2005,6.2480552617
SWE,2006,5.3004632076
SWE,2007,4.4118553207
SWE,2008,4.3164587919
SWE,2009,6.1837644524
SWE,2010,6.4431814728
SWE,2011,5.7397729321
SWE,2012,5.9287244169
SWE,2013,6.0590914933
TUR,1988,17.4597558818
TUR,1989,16.5310182673
TUR,1990,16.0188031097
TUR,1991,15.342816046
TUR,1992,16.2941367023
TUR,1993,17.7501314176
TUR,1994,16.0348443297
TUR,1995,15.5525920987
TUR,1996,13.5001646362
TUR,1997,14.3458494696
TUR,1998,14.1633841411
TUR,1999,15.0109630629
TUR,2000,13.0531383077
TUR,2001,16.2126620327
TUR,2002,19.1593352884
TUR,2003,20.5343993267
TUR,2004,20.5632543585
TUR,2005,19.8827772768
TUR,2006,19.0607101947
TUR,2007,19.9770904926
TUR,2008,20.4794520548
TUR,2009,25.2806466098
TUR,2010,21.7352010845
TUR,2011,18.3705012144
TUR,2012,17.526006332
TUR,2013,18.6736474695
TUR,1988,4.9651492987
TUR,1989,5.8706302416
TUR,1990,5.406717928
TUR,1991,5.6478405316
TUR,1992,5.7955501185
TUR,1993,6
TUR,1994,6.1839012926
TUR,1995,5.1535399488
TUR,1996,4.5660508888
TUR,1997,4.6387154326
TUR,1998,4.9284159134
TUR,1999,5.8475394017
TUR,2000,4.9093264249
TUR,2001,6.6972419426
TUR,2002,8.6576937068
TUR,2003,8.6912491809
TUR,2004,9.0437455966
TUR,2005,8.9962825279
TUR,2006,8.6859148962
TUR,2007,8.5495911838
TUR,2008,9.3728502637
TUR,2009,12.3203963666
TUR,2010,10.442085248
TUR,2011,8.5640270229
TUR,2012,8.1144996798
TUR,2013,8.4632622896
USA,1960,10.0116054159
USA,1961,11.6787221218
USA,1962,10.0518902891
USA,1963,10.9407170749
USA,1964,10.3441295547
USA,1965,9.1431857389
USA,1966,7.6509586096
USA,1967,8.6992916935
USA,1968,8.6787239387
USA,1969,8.3862543771
USA,1970,11.0444917629
USA,1971,12.7120897825
USA,1972,12.0887831946
USA,1973,10.5090619585
USA,1974,11.8779300397
USA,1975,16.0565870911
USA,1976,14.7086546701
USA,1977,13.6162468462
USA,1978,12.2452242027
USA,1979,11.7880898965
USA,1980,13.848707612
USA,1981,14.904133615
USA,1982,17.7510464502
USA,1983,17.16550386
USA,1984,13.9105423319
USA,1985,13.5701583538
USA,1986,13.2879702144
USA,1987,12.1973523776
USA,1988,11.0317284225
USA,1989,10.8977544843
USA,1990,11.1595233861
USA,1991,13.4415256957
USA,1992,14.230199852
USA,1993,13.3711206096
USA,1994,12.4600934623
USA,1995,12.0734663435
USA,1996,12.0143511306
USA,1997,11.2886693999
USA,1998,10.440739895
USA,1999,9.8980554183
USA,2000,9.3415619589
USA,2001,10.5570150051
USA,2002,11.9958866136
USA,2003,12.4270262932
USA,2004,11.8426370863
USA,2005,11.3094971065
USA,2006,10.5072787354
USA,2007,10.5414772472
USA,2008,12.8449527959
USA,2009,17.5983146067
USA,2010,18.4206754885
USA,2011,17.3080586778
USA,2012,16.2132957482
USA,2013,15.5465132594
USA,1960,4.3683386588
USA,1961,5.2985630655
USA,1962,4.2624205447
USA,1963,4.1992537471
USA,1964,3.6731272918
USA,1965,3.1458710443
USA,1966,2.545342127
USA,1967,2.6837367641
USA,1968,2.3143109432
USA,1969,2.2817680674
USA,1970,3.3854269962
USA,1971,4.1847889973
USA,1972,3.7496416627
USA,1973,3.2443173377
USA,1974,3.7823143948
USA,1975,6.3658751099
USA,1976,5.6681822844
USA,1977,5.1425729443
USA,1978,4.2762156533
USA,1979,4.170799752
USA,1980,5.4653013423
USA,1981,5.8200749566
USA,1982,7.8760371605
USA,1983,7.9784217442
USA,1984,6.0780584501
USA,1985,5.841835077
USA,1986,5.7225811317
USA,1987,5.0449922469
USA,1988,4.4632976761
USA,1989,4.2215381767
USA,1990,4.5786488231
USA,1991,5.7001985588
USA,1992,6.3612897581
USA,1993,5.8431114326
USA,1994,4.9670919508
USA,1995,4.4509356842
USA,1996,4.2835888747
USA,1997,3.8857968478
USA,1998,3.5019297588
USA,1999,3.2037741163
USA,2000,3.0583965363
USA,2001,3.7744375675
USA,2002,4.8132600596
USA,2003,5.016176485
USA,2004,4.5543119571
USA,2005,4.140313321
USA,2006,3.7598849054
USA,2007,3.7411119842
USA,2008,4.8153647205
USA,2009,8.2888319099
USA,2010,8.6031533238
USA,2011,7.9317496044
USA,2012,7.0142517111
USA,2013,6.3121440054
ZAF,2001,49.5565913517
ZAF,2002,52.3655102625
ZAF,2003,54.8277261128
ZAF,2004,51.0471490308
ZAF,2005,48.3130308899
ZAF,2006,46.6627413754
ZAF,2007,46.483371242
ZAF,2008,45.6143236564
ZAF,2009,48.3356531059
ZAF,2010,51.2115858625
ZAF,2011,50.2816509518
ZAF,2012,51.698207319
ZAF,2013,51.4256854908
ZAF,2001,21.2129805747
ZAF,2002,22.6968782526
ZAF,2003,22.4051344823
ZAF,2004,20.4932319853
ZAF,2005,20.0650969167
ZAF,2006,18.933425375
ZAF,2007,18.6292678954
ZAF,2008,19.167141487
ZAF,2009,20.4776911084
ZAF,2010,21.6077822891
ZAF,2011,21.9771160303
ZAF,2012,21.8924951791
ZAF,2013,21.7778392748
